--
-- PostgreSQL database cluster dump
--

-- Started on 2021-06-19 14:12:08

SET default_transaction_read_only = off;

SET client_encoding = 'UTF8';
SET standard_conforming_strings = on;

--
-- Roles
--

CREATE ROLE postgres;
ALTER ROLE postgres WITH SUPERUSER INHERIT CREATEROLE CREATEDB LOGIN REPLICATION BYPASSRLS PASSWORD 'SCRAM-SHA-256$4096:zvugpm3tCM8GOi+UA24PZw==$tMkJ6ltgF/bn/8TalS0smSyemVqUnkenRq2E+qWWuo0=:poAlL9AWJiwcyDOVIFCIDB0M8MAwxoema0llCiD1lXw=';






--
-- Databases
--

--
-- Database "template1" dump
--

\connect template1

--
-- PostgreSQL database dump
--

-- Dumped from database version 13.1
-- Dumped by pg_dump version 13.1

-- Started on 2021-06-19 14:12:08

SET statement_timeout = 0;
SET lock_timeout = 0;
SET idle_in_transaction_session_timeout = 0;
SET client_encoding = 'UTF8';
SET standard_conforming_strings = on;
SELECT pg_catalog.set_config('search_path', '', false);
SET check_function_bodies = false;
SET xmloption = content;
SET client_min_messages = warning;
SET row_security = off;

-- Completed on 2021-06-19 14:12:08

--
-- PostgreSQL database dump complete
--

--
-- Database "aeon" dump
--

--
-- PostgreSQL database dump
--

-- Dumped from database version 13.1
-- Dumped by pg_dump version 13.1

-- Started on 2021-06-19 14:12:08

SET statement_timeout = 0;
SET lock_timeout = 0;
SET idle_in_transaction_session_timeout = 0;
SET client_encoding = 'UTF8';
SET standard_conforming_strings = on;
SELECT pg_catalog.set_config('search_path', '', false);
SET check_function_bodies = false;
SET xmloption = content;
SET client_min_messages = warning;
SET row_security = off;

--
-- TOC entry 3046 (class 1262 OID 19218)
-- Name: aeon; Type: DATABASE; Schema: -; Owner: postgres
--

CREATE DATABASE aeon WITH TEMPLATE = template0 ENCODING = 'UTF8' LOCALE = 'Russian_Russia.1251';


ALTER DATABASE aeon OWNER TO postgres;

\connect aeon

SET statement_timeout = 0;
SET lock_timeout = 0;
SET idle_in_transaction_session_timeout = 0;
SET client_encoding = 'UTF8';
SET standard_conforming_strings = on;
SELECT pg_catalog.set_config('search_path', '', false);
SET check_function_bodies = false;
SET xmloption = content;
SET client_min_messages = warning;
SET row_security = off;

SET default_tablespace = '';

SET default_table_access_method = heap;

--
-- TOC entry 204 (class 1259 OID 19241)
-- Name: authorities; Type: TABLE; Schema: public; Owner: postgres
--

CREATE TABLE public.authorities (
    id bigint NOT NULL,
    authority character varying NOT NULL,
    participantid bigint NOT NULL
);


ALTER TABLE public.authorities OWNER TO postgres;

--
-- TOC entry 203 (class 1259 OID 19239)
-- Name: authorities_id_seq; Type: SEQUENCE; Schema: public; Owner: postgres
--

CREATE SEQUENCE public.authorities_id_seq
    START WITH 1
    INCREMENT BY 1
    NO MINVALUE
    NO MAXVALUE
    CACHE 1;


ALTER TABLE public.authorities_id_seq OWNER TO postgres;

--
-- TOC entry 3047 (class 0 OID 0)
-- Dependencies: 203
-- Name: authorities_id_seq; Type: SEQUENCE OWNED BY; Schema: public; Owner: postgres
--

ALTER SEQUENCE public.authorities_id_seq OWNED BY public.authorities.id;


--
-- TOC entry 200 (class 1259 OID 19219)
-- Name: flyway_schema_history; Type: TABLE; Schema: public; Owner: postgres
--

CREATE TABLE public.flyway_schema_history (
    installed_rank integer NOT NULL,
    version character varying(50),
    description character varying(200) NOT NULL,
    type character varying(20) NOT NULL,
    script character varying(1000) NOT NULL,
    checksum integer,
    installed_by character varying(100) NOT NULL,
    installed_on timestamp without time zone DEFAULT now() NOT NULL,
    execution_time integer NOT NULL,
    success boolean NOT NULL
);


ALTER TABLE public.flyway_schema_history OWNER TO postgres;

--
-- TOC entry 202 (class 1259 OID 19231)
-- Name: participants; Type: TABLE; Schema: public; Owner: postgres
--

CREATE TABLE public.participants (
    id bigint NOT NULL,
    login character varying(100) NOT NULL,
    password character varying(255) NOT NULL
);


ALTER TABLE public.participants OWNER TO postgres;

--
-- TOC entry 201 (class 1259 OID 19229)
-- Name: participants_id_seq; Type: SEQUENCE; Schema: public; Owner: postgres
--

CREATE SEQUENCE public.participants_id_seq
    START WITH 1
    INCREMENT BY 1
    NO MINVALUE
    NO MAXVALUE
    CACHE 1;


ALTER TABLE public.participants_id_seq OWNER TO postgres;

--
-- TOC entry 3048 (class 0 OID 0)
-- Dependencies: 201
-- Name: participants_id_seq; Type: SEQUENCE OWNED BY; Schema: public; Owner: postgres
--

ALTER SEQUENCE public.participants_id_seq OWNED BY public.participants.id;


--
-- TOC entry 208 (class 1259 OID 19273)
-- Name: payments; Type: TABLE; Schema: public; Owner: postgres
--

CREATE TABLE public.payments (
    id bigint NOT NULL,
    value real DEFAULT 0 NOT NULL,
    participantpayerid bigint NOT NULL,
    participantreceiverid bigint DEFAULT 1 NOT NULL
);


ALTER TABLE public.payments OWNER TO postgres;

--
-- TOC entry 207 (class 1259 OID 19271)
-- Name: payments_id_seq; Type: SEQUENCE; Schema: public; Owner: postgres
--

CREATE SEQUENCE public.payments_id_seq
    START WITH 1
    INCREMENT BY 1
    NO MINVALUE
    NO MAXVALUE
    CACHE 1;


ALTER TABLE public.payments_id_seq OWNER TO postgres;

--
-- TOC entry 3049 (class 0 OID 0)
-- Dependencies: 207
-- Name: payments_id_seq; Type: SEQUENCE OWNED BY; Schema: public; Owner: postgres
--

ALTER SEQUENCE public.payments_id_seq OWNED BY public.payments.id;


--
-- TOC entry 206 (class 1259 OID 19258)
-- Name: wallets; Type: TABLE; Schema: public; Owner: postgres
--

CREATE TABLE public.wallets (
    id bigint NOT NULL,
    value real DEFAULT 0 NOT NULL,
    participantid bigint NOT NULL
);


ALTER TABLE public.wallets OWNER TO postgres;

--
-- TOC entry 205 (class 1259 OID 19256)
-- Name: wallets_id_seq; Type: SEQUENCE; Schema: public; Owner: postgres
--

CREATE SEQUENCE public.wallets_id_seq
    START WITH 1
    INCREMENT BY 1
    NO MINVALUE
    NO MAXVALUE
    CACHE 1;


ALTER TABLE public.wallets_id_seq OWNER TO postgres;

--
-- TOC entry 3050 (class 0 OID 0)
-- Dependencies: 205
-- Name: wallets_id_seq; Type: SEQUENCE OWNED BY; Schema: public; Owner: postgres
--

ALTER SEQUENCE public.wallets_id_seq OWNED BY public.wallets.id;


--
-- TOC entry 2876 (class 2604 OID 19244)
-- Name: authorities id; Type: DEFAULT; Schema: public; Owner: postgres
--

ALTER TABLE ONLY public.authorities ALTER COLUMN id SET DEFAULT nextval('public.authorities_id_seq'::regclass);


--
-- TOC entry 2875 (class 2604 OID 19234)
-- Name: participants id; Type: DEFAULT; Schema: public; Owner: postgres
--

ALTER TABLE ONLY public.participants ALTER COLUMN id SET DEFAULT nextval('public.participants_id_seq'::regclass);


--
-- TOC entry 2879 (class 2604 OID 19276)
-- Name: payments id; Type: DEFAULT; Schema: public; Owner: postgres
--

ALTER TABLE ONLY public.payments ALTER COLUMN id SET DEFAULT nextval('public.payments_id_seq'::regclass);


--
-- TOC entry 2877 (class 2604 OID 19261)
-- Name: wallets id; Type: DEFAULT; Schema: public; Owner: postgres
--

ALTER TABLE ONLY public.wallets ALTER COLUMN id SET DEFAULT nextval('public.wallets_id_seq'::regclass);


--
-- TOC entry 3036 (class 0 OID 19241)
-- Dependencies: 204
-- Data for Name: authorities; Type: TABLE DATA; Schema: public; Owner: postgres
--

COPY public.authorities (id, authority, participantid) FROM stdin;
1	ROLE_ADMIN	1
2	ROLE_USER	2
3	ROLE_USER	3
4	ROLE_USER	4
5	ROLE_USER	5
6	ROLE_USER	6
\.


--
-- TOC entry 3032 (class 0 OID 19219)
-- Dependencies: 200
-- Data for Name: flyway_schema_history; Type: TABLE DATA; Schema: public; Owner: postgres
--

COPY public.flyway_schema_history (installed_rank, version, description, type, script, checksum, installed_by, installed_on, execution_time, success) FROM stdin;
1	1	Init DB	SQL	V1__Init_DB.sql	950848556	postgres	2021-04-11 16:51:50.029176	83	t
2	2	AddUsers	SQL	V2__AddUsers.sql	1392144945	postgres	2021-04-11 16:51:50.061114	24	t
3	3	Encode pass	SQL	V3__Encode_pass.sql	0	postgres	2021-04-11 16:51:50.088486	1	t
\.


--
-- TOC entry 3034 (class 0 OID 19231)
-- Dependencies: 202
-- Data for Name: participants; Type: TABLE DATA; Schema: public; Owner: postgres
--

COPY public.participants (id, login, password) FROM stdin;
1	administrator	$2y$12$KDvYdm4m5Je.SFQRJsPhNO2811Eyj1f0MXoSwuTsdQi/47Pn8iBua
2	user	$2y$12$RwJcgigHCNlqZLepp/Mm5OXDHkWqhrqFKnIDdL17.R3o9iXXY3iGC
3	payer1	$2y$12$RwJcgigHCNlqZLepp/Mm5OXDHkWqhrqFKnIDdL17.R3o9iXXY3iGC
4	payer2	$2y$12$RwJcgigHCNlqZLepp/Mm5OXDHkWqhrqFKnIDdL17.R3o9iXXY3iGC
5	payer3	$2y$12$RwJcgigHCNlqZLepp/Mm5OXDHkWqhrqFKnIDdL17.R3o9iXXY3iGC
6	payer4	$2y$12$RwJcgigHCNlqZLepp/Mm5OXDHkWqhrqFKnIDdL17.R3o9iXXY3iGC
\.


--
-- TOC entry 3040 (class 0 OID 19273)
-- Dependencies: 208
-- Data for Name: payments; Type: TABLE DATA; Schema: public; Owner: postgres
--

COPY public.payments (id, value, participantpayerid, participantreceiverid) FROM stdin;
\.


--
-- TOC entry 3038 (class 0 OID 19258)
-- Dependencies: 206
-- Data for Name: wallets; Type: TABLE DATA; Schema: public; Owner: postgres
--

COPY public.wallets (id, value, participantid) FROM stdin;
1	8	1
2	8	2
3	8	3
4	8	4
5	8	5
6	8	6
\.


--
-- TOC entry 3051 (class 0 OID 0)
-- Dependencies: 203
-- Name: authorities_id_seq; Type: SEQUENCE SET; Schema: public; Owner: postgres
--

SELECT pg_catalog.setval('public.authorities_id_seq', 6, true);


--
-- TOC entry 3052 (class 0 OID 0)
-- Dependencies: 201
-- Name: participants_id_seq; Type: SEQUENCE SET; Schema: public; Owner: postgres
--

SELECT pg_catalog.setval('public.participants_id_seq', 6, true);


--
-- TOC entry 3053 (class 0 OID 0)
-- Dependencies: 207
-- Name: payments_id_seq; Type: SEQUENCE SET; Schema: public; Owner: postgres
--

SELECT pg_catalog.setval('public.payments_id_seq', 1, false);


--
-- TOC entry 3054 (class 0 OID 0)
-- Dependencies: 205
-- Name: wallets_id_seq; Type: SEQUENCE SET; Schema: public; Owner: postgres
--

SELECT pg_catalog.setval('public.wallets_id_seq', 6, true);


--
-- TOC entry 2891 (class 2606 OID 19255)
-- Name: authorities authorities_pk; Type: CONSTRAINT; Schema: public; Owner: postgres
--

ALTER TABLE ONLY public.authorities
    ADD CONSTRAINT authorities_pk PRIMARY KEY (id);


--
-- TOC entry 2883 (class 2606 OID 19227)
-- Name: flyway_schema_history flyway_schema_history_pk; Type: CONSTRAINT; Schema: public; Owner: postgres
--

ALTER TABLE ONLY public.flyway_schema_history
    ADD CONSTRAINT flyway_schema_history_pk PRIMARY KEY (installed_rank);


--
-- TOC entry 2888 (class 2606 OID 19238)
-- Name: participants participants_pk; Type: CONSTRAINT; Schema: public; Owner: postgres
--

ALTER TABLE ONLY public.participants
    ADD CONSTRAINT participants_pk PRIMARY KEY (id);


--
-- TOC entry 2897 (class 2606 OID 19291)
-- Name: payments payments_pk; Type: CONSTRAINT; Schema: public; Owner: postgres
--

ALTER TABLE ONLY public.payments
    ADD CONSTRAINT payments_pk PRIMARY KEY (id);


--
-- TOC entry 2894 (class 2606 OID 19270)
-- Name: wallets wallets_pk; Type: CONSTRAINT; Schema: public; Owner: postgres
--

ALTER TABLE ONLY public.wallets
    ADD CONSTRAINT wallets_pk PRIMARY KEY (id);


--
-- TOC entry 2889 (class 1259 OID 19253)
-- Name: authorities_id_uindex; Type: INDEX; Schema: public; Owner: postgres
--

CREATE UNIQUE INDEX authorities_id_uindex ON public.authorities USING btree (id);


--
-- TOC entry 2884 (class 1259 OID 19228)
-- Name: flyway_schema_history_s_idx; Type: INDEX; Schema: public; Owner: postgres
--

CREATE INDEX flyway_schema_history_s_idx ON public.flyway_schema_history USING btree (success);


--
-- TOC entry 2885 (class 1259 OID 19235)
-- Name: participants_id_uindex; Type: INDEX; Schema: public; Owner: postgres
--

CREATE UNIQUE INDEX participants_id_uindex ON public.participants USING btree (id);


--
-- TOC entry 2886 (class 1259 OID 19236)
-- Name: participants_ligin_uindex; Type: INDEX; Schema: public; Owner: postgres
--

CREATE UNIQUE INDEX participants_ligin_uindex ON public.participants USING btree (login);


--
-- TOC entry 2895 (class 1259 OID 19289)
-- Name: payments_id_uindex; Type: INDEX; Schema: public; Owner: postgres
--

CREATE UNIQUE INDEX payments_id_uindex ON public.payments USING btree (id);


--
-- TOC entry 2892 (class 1259 OID 19268)
-- Name: wallets_id_uindex; Type: INDEX; Schema: public; Owner: postgres
--

CREATE UNIQUE INDEX wallets_id_uindex ON public.wallets USING btree (id);


--
-- TOC entry 2898 (class 2606 OID 19248)
-- Name: authorities authorities_participants_id_fk; Type: FK CONSTRAINT; Schema: public; Owner: postgres
--

ALTER TABLE ONLY public.authorities
    ADD CONSTRAINT authorities_participants_id_fk FOREIGN KEY (participantid) REFERENCES public.participants(id) ON UPDATE CASCADE ON DELETE CASCADE;


--
-- TOC entry 2900 (class 2606 OID 19279)
-- Name: payments payments_participants_id_fk; Type: FK CONSTRAINT; Schema: public; Owner: postgres
--

ALTER TABLE ONLY public.payments
    ADD CONSTRAINT payments_participants_id_fk FOREIGN KEY (participantpayerid) REFERENCES public.participants(id) ON UPDATE CASCADE ON DELETE CASCADE;


--
-- TOC entry 2901 (class 2606 OID 19284)
-- Name: payments payments_participants_id_fk_2; Type: FK CONSTRAINT; Schema: public; Owner: postgres
--

ALTER TABLE ONLY public.payments
    ADD CONSTRAINT payments_participants_id_fk_2 FOREIGN KEY (participantreceiverid) REFERENCES public.participants(id);


--
-- TOC entry 2899 (class 2606 OID 19263)
-- Name: wallets wallets_participants_id_fk; Type: FK CONSTRAINT; Schema: public; Owner: postgres
--

ALTER TABLE ONLY public.wallets
    ADD CONSTRAINT wallets_participants_id_fk FOREIGN KEY (participantid) REFERENCES public.participants(id) ON UPDATE SET DEFAULT ON DELETE CASCADE;


-- Completed on 2021-06-19 14:12:09

--
-- PostgreSQL database dump complete
--

--
-- Database "postgres" dump
--

\connect postgres

--
-- PostgreSQL database dump
--

-- Dumped from database version 13.1
-- Dumped by pg_dump version 13.1

-- Started on 2021-06-19 14:12:09

SET statement_timeout = 0;
SET lock_timeout = 0;
SET idle_in_transaction_session_timeout = 0;
SET client_encoding = 'UTF8';
SET standard_conforming_strings = on;
SELECT pg_catalog.set_config('search_path', '', false);
SET check_function_bodies = false;
SET xmloption = content;
SET client_min_messages = warning;
SET row_security = off;

--
-- TOC entry 8 (class 2615 OID 16394)
-- Name: pgagent; Type: SCHEMA; Schema: -; Owner: postgres
--

CREATE SCHEMA pgagent;


ALTER SCHEMA pgagent OWNER TO postgres;

--
-- TOC entry 3222 (class 0 OID 0)
-- Dependencies: 8
-- Name: SCHEMA pgagent; Type: COMMENT; Schema: -; Owner: postgres
--

COMMENT ON SCHEMA pgagent IS 'pgAgent system tables';


--
-- TOC entry 2 (class 3079 OID 16384)
-- Name: adminpack; Type: EXTENSION; Schema: -; Owner: -
--

CREATE EXTENSION IF NOT EXISTS adminpack WITH SCHEMA pg_catalog;


--
-- TOC entry 3223 (class 0 OID 0)
-- Dependencies: 2
-- Name: EXTENSION adminpack; Type: COMMENT; Schema: -; Owner: 
--

COMMENT ON EXTENSION adminpack IS 'administrative functions for PostgreSQL';


--
-- TOC entry 3 (class 3079 OID 16395)
-- Name: pgagent; Type: EXTENSION; Schema: -; Owner: -
--

CREATE EXTENSION IF NOT EXISTS pgagent WITH SCHEMA pgagent;


--
-- TOC entry 3224 (class 0 OID 0)
-- Dependencies: 3
-- Name: EXTENSION pgagent; Type: COMMENT; Schema: -; Owner: 
--

COMMENT ON EXTENSION pgagent IS 'A PostgreSQL job scheduler';


SET default_tablespace = '';

SET default_table_access_method = heap;

--
-- TOC entry 226 (class 1259 OID 44116)
-- Name: authorities; Type: TABLE; Schema: public; Owner: postgres
--

CREATE TABLE public.authorities (
    id bigint NOT NULL,
    customerid bigint NOT NULL,
    authority character varying(50) NOT NULL
);


ALTER TABLE public.authorities OWNER TO postgres;

--
-- TOC entry 227 (class 1259 OID 44131)
-- Name: categories; Type: TABLE; Schema: public; Owner: postgres
--

CREATE TABLE public.categories (
    id bigint NOT NULL,
    category character varying(50) NOT NULL,
    parentid bigint NOT NULL
);


ALTER TABLE public.categories OWNER TO postgres;

--
-- TOC entry 225 (class 1259 OID 44109)
-- Name: customers; Type: TABLE; Schema: public; Owner: postgres
--

CREATE TABLE public.customers (
    id bigint NOT NULL,
    login character varying(80) NOT NULL,
    firstname character varying(40),
    lastname character varying(40),
    password character varying(255),
    active boolean DEFAULT false NOT NULL
);


ALTER TABLE public.customers OWNER TO postgres;

--
-- TOC entry 224 (class 1259 OID 44107)
-- Name: customers_id_seq; Type: SEQUENCE; Schema: public; Owner: postgres
--

CREATE SEQUENCE public.customers_id_seq
    START WITH 1
    INCREMENT BY 1
    NO MINVALUE
    NO MAXVALUE
    CACHE 1;


ALTER TABLE public.customers_id_seq OWNER TO postgres;

--
-- TOC entry 3225 (class 0 OID 0)
-- Dependencies: 224
-- Name: customers_id_seq; Type: SEQUENCE OWNED BY; Schema: public; Owner: postgres
--

ALTER SEQUENCE public.customers_id_seq OWNED BY public.customers.id;


--
-- TOC entry 234 (class 1259 OID 44172)
-- Name: histories_id_seq; Type: SEQUENCE; Schema: public; Owner: postgres
--

CREATE SEQUENCE public.histories_id_seq
    START WITH 1
    INCREMENT BY 1
    NO MINVALUE
    NO MAXVALUE
    CACHE 1;


ALTER TABLE public.histories_id_seq OWNER TO postgres;

--
-- TOC entry 235 (class 1259 OID 44174)
-- Name: histories; Type: TABLE; Schema: public; Owner: postgres
--

CREATE TABLE public.histories (
    id bigint DEFAULT nextval('public.histories_id_seq'::regclass) NOT NULL,
    submitdate timestamp with time zone NOT NULL,
    customerid bigint NOT NULL,
    invoiceid bigint NOT NULL,
    stepid bigint
);


ALTER TABLE public.histories OWNER TO postgres;

--
-- TOC entry 3226 (class 0 OID 0)
-- Dependencies: 235
-- Name: TABLE histories; Type: COMMENT; Schema: public; Owner: postgres
--

COMMENT ON TABLE public.histories IS 'история выполнения заказа';


--
-- TOC entry 232 (class 1259 OID 44160)
-- Name: invoices_id_seq; Type: SEQUENCE; Schema: public; Owner: postgres
--

CREATE SEQUENCE public.invoices_id_seq
    START WITH 1
    INCREMENT BY 1
    NO MINVALUE
    NO MAXVALUE
    CACHE 1;


ALTER TABLE public.invoices_id_seq OWNER TO postgres;

--
-- TOC entry 233 (class 1259 OID 44162)
-- Name: invoices; Type: TABLE; Schema: public; Owner: postgres
--

CREATE TABLE public.invoices (
    id bigint DEFAULT nextval('public.invoices_id_seq'::regclass) NOT NULL,
    datacreate timestamp with time zone,
    department character varying(20),
    comment text,
    ordernumber character varying(50),
    senttoapprove boolean,
    senttopurchase boolean,
    invoicenumber character varying,
    totalprice double precision,
    resolveddate timestamp with time zone,
    customerid bigint,
    senttoprice boolean DEFAULT false
);


ALTER TABLE public.invoices OWNER TO postgres;

--
-- TOC entry 230 (class 1259 OID 44148)
-- Name: nomenclatures_id_seq; Type: SEQUENCE; Schema: public; Owner: postgres
--

CREATE SEQUENCE public.nomenclatures_id_seq
    START WITH 1
    INCREMENT BY 1
    NO MINVALUE
    NO MAXVALUE
    CACHE 1;


ALTER TABLE public.nomenclatures_id_seq OWNER TO postgres;

--
-- TOC entry 231 (class 1259 OID 44150)
-- Name: nomenclatures; Type: TABLE; Schema: public; Owner: postgres
--

CREATE TABLE public.nomenclatures (
    id bigint DEFAULT nextval('public.nomenclatures_id_seq'::regclass) NOT NULL,
    comment text NOT NULL,
    price double precision,
    manufacturer character varying(50),
    nomenclature character varying(255) NOT NULL,
    code character varying(20),
    submitdate timestamp with time zone,
    expireddate timestamp with time zone,
    categoryid bigint
);


ALTER TABLE public.nomenclatures OWNER TO postgres;

--
-- TOC entry 236 (class 1259 OID 44189)
-- Name: purchases_id_seq; Type: SEQUENCE; Schema: public; Owner: postgres
--

CREATE SEQUENCE public.purchases_id_seq
    START WITH 1
    INCREMENT BY 1
    NO MINVALUE
    NO MAXVALUE
    CACHE 1;


ALTER TABLE public.purchases_id_seq OWNER TO postgres;

--
-- TOC entry 237 (class 1259 OID 44191)
-- Name: purchases; Type: TABLE; Schema: public; Owner: postgres
--

CREATE TABLE public.purchases (
    id bigint DEFAULT nextval('public.purchases_id_seq'::regclass) NOT NULL,
    invoiceid bigint NOT NULL,
    nomenclatureid bigint NOT NULL,
    count smallint,
    approver character varying(255),
    resolvingdate timestamp with time zone,
    comment text,
    buyingprice double precision,
    commentnumenclature text
);


ALTER TABLE public.purchases OWNER TO postgres;

--
-- TOC entry 238 (class 1259 OID 44209)
-- Name: stepcomments_id_seq; Type: SEQUENCE; Schema: public; Owner: postgres
--

CREATE SEQUENCE public.stepcomments_id_seq
    START WITH 1
    INCREMENT BY 1
    NO MINVALUE
    NO MAXVALUE
    CACHE 1;


ALTER TABLE public.stepcomments_id_seq OWNER TO postgres;

--
-- TOC entry 239 (class 1259 OID 44211)
-- Name: stepcomments; Type: TABLE; Schema: public; Owner: postgres
--

CREATE TABLE public.stepcomments (
    id bigint DEFAULT nextval('public.stepcomments_id_seq'::regclass) NOT NULL,
    customerid bigint NOT NULL,
    comment text NOT NULL,
    attachedfileid bigint,
    historyid bigint NOT NULL,
    submitdate timestamp with time zone
);


ALTER TABLE public.stepcomments OWNER TO postgres;

--
-- TOC entry 228 (class 1259 OID 44139)
-- Name: steps_id_seq; Type: SEQUENCE; Schema: public; Owner: postgres
--

CREATE SEQUENCE public.steps_id_seq
    START WITH 1
    INCREMENT BY 1
    NO MINVALUE
    NO MAXVALUE
    CACHE 1;


ALTER TABLE public.steps_id_seq OWNER TO postgres;

--
-- TOC entry 229 (class 1259 OID 44142)
-- Name: steps; Type: TABLE; Schema: public; Owner: postgres
--

CREATE TABLE public.steps (
    id bigint DEFAULT nextval('public.steps_id_seq'::regclass) NOT NULL,
    name character varying(50) NOT NULL,
    description character varying(255)
);


ALTER TABLE public.steps OWNER TO postgres;

--
-- TOC entry 3014 (class 2604 OID 44112)
-- Name: customers id; Type: DEFAULT; Schema: public; Owner: postgres
--

ALTER TABLE ONLY public.customers ALTER COLUMN id SET DEFAULT nextval('public.customers_id_seq'::regclass);


--
-- TOC entry 2965 (class 0 OID 16396)
-- Dependencies: 209
-- Data for Name: pga_jobagent; Type: TABLE DATA; Schema: pgagent; Owner: postgres
--

COPY pgagent.pga_jobagent (jagpid, jaglogintime, jagstation) FROM stdin;
8812	2021-06-19 07:25:13.182053+00	CPS92G2
\.


--
-- TOC entry 2966 (class 0 OID 16407)
-- Dependencies: 211
-- Data for Name: pga_jobclass; Type: TABLE DATA; Schema: pgagent; Owner: postgres
--

COPY pgagent.pga_jobclass (jclid, jclname) FROM stdin;
\.


--
-- TOC entry 2967 (class 0 OID 16419)
-- Dependencies: 213
-- Data for Name: pga_job; Type: TABLE DATA; Schema: pgagent; Owner: postgres
--

COPY pgagent.pga_job (jobid, jobjclid, jobname, jobdesc, jobhostagent, jobenabled, jobcreated, jobchanged, jobagentid, jobnextrun, joblastrun) FROM stdin;
\.


--
-- TOC entry 2969 (class 0 OID 16471)
-- Dependencies: 217
-- Data for Name: pga_schedule; Type: TABLE DATA; Schema: pgagent; Owner: postgres
--

COPY pgagent.pga_schedule (jscid, jscjobid, jscname, jscdesc, jscenabled, jscstart, jscend, jscminutes, jschours, jscweekdays, jscmonthdays, jscmonths) FROM stdin;
\.


--
-- TOC entry 2970 (class 0 OID 16501)
-- Dependencies: 219
-- Data for Name: pga_exception; Type: TABLE DATA; Schema: pgagent; Owner: postgres
--

COPY pgagent.pga_exception (jexid, jexscid, jexdate, jextime) FROM stdin;
\.


--
-- TOC entry 2971 (class 0 OID 16516)
-- Dependencies: 221
-- Data for Name: pga_joblog; Type: TABLE DATA; Schema: pgagent; Owner: postgres
--

COPY pgagent.pga_joblog (jlgid, jlgjobid, jlgstatus, jlgstart, jlgduration) FROM stdin;
\.


--
-- TOC entry 2968 (class 0 OID 16445)
-- Dependencies: 215
-- Data for Name: pga_jobstep; Type: TABLE DATA; Schema: pgagent; Owner: postgres
--

COPY pgagent.pga_jobstep (jstid, jstjobid, jstname, jstdesc, jstenabled, jstkind, jstcode, jstconnstr, jstdbname, jstonerror, jscnextrun) FROM stdin;
\.


--
-- TOC entry 2972 (class 0 OID 16533)
-- Dependencies: 223
-- Data for Name: pga_jobsteplog; Type: TABLE DATA; Schema: pgagent; Owner: postgres
--

COPY pgagent.pga_jobsteplog (jslid, jsljlgid, jsljstid, jslstatus, jslresult, jslstart, jslduration, jsloutput) FROM stdin;
\.


--
-- TOC entry 3203 (class 0 OID 44116)
-- Dependencies: 226
-- Data for Name: authorities; Type: TABLE DATA; Schema: public; Owner: postgres
--

COPY public.authorities (id, customerid, authority) FROM stdin;
1	1	ROLE_ADMIN
2	2	ROLE_GUEST
3	3	ROLE_GUEST
4	4	ROLE_GUEST
5	5	ROLE_GUEST
6	1	ROLE_TEST
7	17	ROLE_GUEST
8	16	ROLE_GUEST
9	18	ROLE_GUEST
\.


--
-- TOC entry 3204 (class 0 OID 44131)
-- Dependencies: 227
-- Data for Name: categories; Type: TABLE DATA; Schema: public; Owner: postgres
--

COPY public.categories (id, category, parentid) FROM stdin;
1	без категории	1
2	компьютеры	1
3	сотовые телефоны	1
4	переферийные устройства	2
5	МФУ	4
6	расходные материалы для МФУ	5
\.


--
-- TOC entry 3202 (class 0 OID 44109)
-- Dependencies: 225
-- Data for Name: customers; Type: TABLE DATA; Schema: public; Owner: postgres
--

COPY public.customers (id, login, firstname, lastname, password, active) FROM stdin;
2	cLogin02	Dmitry	Starshov	$2y$12$RwJcgigHCNlqZLepp/Mm5OXDHkWqhrqFKnIDdL17.R3o9iXXY3iGC	t
3	cLogin03	Oleg	Rizaev	$2y$12$RwJcgigHCNlqZLepp/Mm5OXDHkWqhrqFKnIDdL17.R3o9iXXY3iGC	t
4	cLogin04	Dmitry	Kharlanov	$2y$12$RwJcgigHCNlqZLepp/Mm5OXDHkWqhrqFKnIDdL17.R3o9iXXY3iGC	t
5	cLogin05	Andrey	Zavyalov	$2y$12$RwJcgigHCNlqZLepp/Mm5OXDHkWqhrqFKnIDdL17.R3o9iXXY3iGC	t
6	cLogin06	Andrey	Deryushev	$2y$12$RwJcgigHCNlqZLepp/Mm5OXDHkWqhrqFKnIDdL17.R3o9iXXY3iGC	t
7	CTF123	CTF123	CTF123	$2y$12$RwJcgigHCNlqZLepp/Mm5OXDHkWqhrqFKnIDdL17.R3o9iXXY3iGC	f
8	CTF1	CTF1	CTF1	$2y$12$RwJcgigHCNlqZLepp/Mm5OXDHkWqhrqFKnIDdL17.R3o9iXXY3iGC	f
9	CTF2	CTF2	CTF2	$2y$12$RwJcgigHCNlqZLepp/Mm5OXDHkWqhrqFKnIDdL17.R3o9iXXY3iGC	f
10	CTF3	CTF3	CTF3	$2y$12$RwJcgigHCNlqZLepp/Mm5OXDHkWqhrqFKnIDdL17.R3o9iXXY3iGC	f
11	FF123456	FF123456	FF123456	$2y$12$RwJcgigHCNlqZLepp/Mm5OXDHkWqhrqFKnIDdL17.R3o9iXXY3iGC	f
12	FF1	FF1	FF1	$2y$12$RwJcgigHCNlqZLepp/Mm5OXDHkWqhrqFKnIDdL17.R3o9iXXY3iGC	f
13	FF2	FF2	FF2	$2y$12$RwJcgigHCNlqZLepp/Mm5OXDHkWqhrqFKnIDdL17.R3o9iXXY3iGC	f
14	FF3	FF3	FF3	$2y$12$RwJcgigHCNlqZLepp/Mm5OXDHkWqhrqFKnIDdL17.R3o9iXXY3iGC	f
15	FF4	FF4	FF4	$2y$12$RwJcgigHCNlqZLepp/Mm5OXDHkWqhrqFKnIDdL17.R3o9iXXY3iGC	f
16	info@makrosplus.ru	info	makrosplus.ru	$2y$12$RwJcgigHCNlqZLepp/Mm5OXDHkWqhrqFKnIDdL17.R3o9iXXY3iGC	t
1	Petr.Nikitin2@weatherford.com	Петр	Никитин	$2y$12$KDvYdm4m5Je.SFQRJsPhNO2811Eyj1f0MXoSwuTsdQi/47Pn8iBua	t
17	zaerova@makrosplus.ru	Людмила	Заерова	$2y$12$RwJcgigHCNlqZLepp/Mm5OXDHkWqhrqFKnIDdL17.R3o9iXXY3iGC	t
18	spb@makrosplus.ru	Дмитрий	Макарусь	$2y$12$RwJcgigHCNlqZLepp/Mm5OXDHkWqhrqFKnIDdL17.R3o9iXXY3iGC	t
\.


--
-- TOC entry 3212 (class 0 OID 44174)
-- Dependencies: 235
-- Data for Name: histories; Type: TABLE DATA; Schema: public; Owner: postgres
--

COPY public.histories (id, submitdate, customerid, invoiceid, stepid) FROM stdin;
1	2020-11-20 11:03:45.065+00	1	1554	1
3	2020-12-01 07:25:14.855+00	1	1538	1
4	2020-12-01 07:26:16.769+00	1	15	1
5	2020-12-01 07:26:55.309+00	1	1513	1
6	2020-12-01 07:27:40.405+00	1	1511	1
7	2020-12-01 07:27:47.191+00	1	1511	9
8	2020-12-01 07:27:55.397+00	1	1511	6
9	2020-12-01 07:28:50.903+00	1	1534	1
10	2020-12-01 07:28:59.089+00	1	1534	6
11	2020-12-01 07:43:06.362+00	1	1538	6
12	2020-12-01 08:04:09.759+00	1	1537	1
13	2020-12-01 08:04:19.862+00	1	1537	6
14	2020-12-01 08:04:57.6+00	1	1545	1
15	2020-12-01 08:05:49.643+00	1	1547	1
16	2020-12-01 08:08:26.122+00	1	1549	1
17	2020-12-01 08:09:21.005+00	1	1550	1
18	2020-12-01 08:09:38.041+00	1	1551	1
19	2020-12-01 08:10:26.231+00	1	1552	1
20	2020-12-01 08:11:39.267+00	1	1553	1
21	2020-12-01 12:53:42.723+00	18	1553	2
22	2020-12-01 13:00:07.396+00	18	1552	2
23	2020-12-03 09:44:36.485+00	17	1547	3
24	2020-12-03 10:24:27.767+00	17	1537	4
25	2020-12-03 10:25:25.496+00	17	1553	4
26	2020-12-03 10:25:31.962+00	17	1554	4
57	2020-12-08 09:07:02.534+00	17	1511	4
58	2020-12-09 23:24:41.438+00	1	1538	7
59	2020-12-09 23:25:46.377+00	1	1538	8
60	2020-12-09 23:25:48.776+00	1	1538	9
61	2020-12-09 23:25:51.029+00	1	1538	10
62	2020-12-09 23:27:11.943+00	1	1513	7
63	2020-12-09 23:27:17.758+00	1	1513	8
64	2020-12-09 23:27:21.051+00	1	1513	9
65	2020-12-09 23:27:23.632+00	1	1513	10
66	2020-12-09 23:28:04.552+00	1	1534	7
67	2020-12-09 23:28:07.418+00	1	1534	8
68	2020-12-09 23:28:09.977+00	1	1534	9
69	2020-12-09 23:28:12.845+00	1	1534	10
72	2020-12-10 19:57:56.656+00	1	1556	1
73	2020-12-10 20:23:36.124+00	1	1557	1
74	2020-12-10 20:29:14.915+00	1	1558	1
75	2020-12-17 05:17:27.216+00	1	1554	6
76	2020-12-17 06:43:43.106+00	1	1537	7
77	2020-12-17 06:47:03.34+00	1	1537	8
78	2020-12-17 06:47:08.276+00	1	1537	10
79	2020-12-17 06:47:09.6+00	1	1537	9
80	2020-12-17 07:00:11.808+00	1	1553	7
81	2020-12-17 07:00:29.578+00	1	1553	6
82	2020-12-17 07:35:43.707+00	1	1547	6
83	2020-12-17 07:40:44.233+00	1	1547	7
84	2020-12-17 08:06:53.249+00	1	18	7
85	2020-12-17 08:07:08.392+00	1	18	6
86	2020-12-17 08:07:22.986+00	1	18	10
87	2020-12-17 08:14:13.879+00	1	15	7
88	2020-12-17 08:21:10.139+00	1	1545	6
89	2020-12-17 08:21:41.287+00	1	1545	7
90	2020-12-17 08:23:18.508+00	1	1549	6
91	2020-12-17 08:23:37.238+00	1	1549	7
92	2020-12-17 09:05:00.106+00	1	1558	6
93	2020-12-17 09:08:18.683+00	1	1511	10
95	2021-01-31 08:25:32.171+00	1	1552	6
96	2021-01-31 09:04:13.303+00	1	1513	6
97	2021-02-01 10:18:42.42+00	1	1560	6
99	2021-02-15 13:09:13.132+00	1	1551	6
100	2021-02-15 14:34:19.985+00	1	1557	6
101	2021-03-24 18:00:28.066+00	1	1550	6
102	2021-03-24 18:14:28.113+00	1	1556	6
98	2021-01-30 06:33:03.406+00	1	1560	1
103	2021-04-06 08:56:24.646+00	1	1560	7
104	2021-04-06 09:00:09.208+00	1	1560	8
105	2021-04-06 09:00:14.798+00	1	1560	9
106	2021-04-06 09:11:35.734+00	1	1556	8
107	2021-04-06 09:11:58.885+00	1	1556	9
108	2021-04-06 10:42:57.643+00	1	1550	8
109	2021-04-06 10:43:19.015+00	1	1550	9
110	2021-04-07 11:39:56.577+00	1	1524	1
111	2021-04-07 11:40:02.349+00	1	1524	6
112	2021-04-07 11:41:35.755+00	1	1524	7
114	2021-04-07 14:40:51.677+00	1	1526	1
115	2021-04-07 14:40:55.236+00	1	1526	6
116	2021-04-07 14:40:59.173+00	1	1526	7
117	2021-04-07 14:41:23.441+00	1	1526	8
118	2021-04-07 14:41:28.594+00	1	1526	9
119	2021-04-07 14:41:34.256+00	1	1526	10
120	2021-04-17 12:04:48.037+00	1	1523	6
121	2021-04-17 12:05:56.609+00	1	1523	10
122	2021-05-25 14:26:58.848+00	1	1563	1
123	2021-05-25 14:34:54.613+00	1	1564	1
124	2021-05-25 14:37:01.234+00	1	1566	1
125	2021-05-25 14:39:43.749+00	1	1565	1
126	2021-05-30 17:32:45.951+00	1	1567	1
127	2021-06-17 04:42:36.599+00	1	1568	1
128	2021-06-17 04:42:47.708+00	1	1568	6
\.


--
-- TOC entry 3210 (class 0 OID 44162)
-- Dependencies: 233
-- Data for Name: invoices; Type: TABLE DATA; Schema: public; Owner: postgres
--

COPY public.invoices (id, datacreate, department, comment, ordernumber, senttoapprove, senttopurchase, invoicenumber, totalprice, resolveddate, customerid, senttoprice) FROM stdin;
1510	2019-04-04 00:00:00+00	Frac PL_215	ГРП Картриджи Флоты 2кв 2019	WL-REQ-000000007533	t	t	170	250320	2019-08-13 00:00:00+00	1	t
1506	2018-11-26 00:00:00+00	Frac PL_215	FF3 Станция Управления (жду ещё 3 корпуса)	WL-REQ-000000006193	t	t	536	100340	2019-05-17 00:00:00+00	1	t
1505	2018-11-09 00:00:00+00	General_C	Принтер этикеток для Склада в ноябрьске	WL-REQ-000000006030	t	t	582	49140	2019-01-24 00:00:00+00	1	t
1504	2018-10-23 00:00:00+00	General_C	Картриджи для ДРТ и Аппарата управления ГРП	WL-REQ-000000005856	t	t	560	310850	2019-03-14 00:00:00+00	1	t
1503	2018-10-18 00:00:00+00	Frac PL_215	Запчасти для GRP (высталвено двумя счетами)	WL-REQ-000000006245	t	t	583 и 591	90400	2019-03-14 00:00:00+00	1	t
1502	2018-10-15 00:00:00+00	CT PL_214	Докстанция, С100, и Принтер в офис	WL-REQ-000000005774	t	t	542	77280	2019-03-14 00:00:00+00	1	t
1501	2018-10-15 00:00:00+00	CT PL_214	Картриджи октябрь ноябрь 2018	WL-REQ-000000005773	t	t	516+++	144256	2018-11-16 00:00:00+00	1	t
1500	2018-10-11 00:00:00+00	Frac PL_215	Ламинатор в FF1 и принтер Ноябрьск Уренгой и батарейки для ноутбуков	WL-REQ-000000005779	t	t	527	95814	2018-12-03 00:00:00+00	1	t
1499	2018-10-03 00:00:00+00	Frac PL_215	WFNF-REQ-16445 ИБП для FF2	WL-REQ-000000005768	t	t	541	300000	2018-11-30 00:00:00+00	1	t
1497	2018-09-14 00:00:00+00	Frac PL_215	Картриджи Инженеры Октябрь-Нобярь 2018	WL-REQ-000000005777	t	t	592	244000	2019-04-18 00:00:00+00	1	t
1498	2018-09-14 00:00:00+00	Frac PL_215	Обновление принтеров во флотах + картриджи Флоты Октябрь-Нобярь 2018	WL-REQ-000000005778	t	t	517	150354	2018-11-30 00:00:00+00	1	t
1496	2018-08-14 00:00:00+00	Frac PL_215	Сеть на новую базу в Н.Уренгой	NF-REQ-000000022755	t	t	361+++	96450	2018-08-23 00:00:00+00	1	t
1495	2018-06-08 00:00:00+00	Frac PL_215	Экипирование флотов ГРП АСУ	NF-REQ-000000022389	t	t	330+++	236200	2018-09-24 00:00:00+00	1	t
1494	2018-05-30 00:00:00+00	CT PL_214	ГНКТ Картриджи июнь июль 2018	NF-REQ-000000022420	t	t	356+++	117132	2018-10-01 00:00:00+00	1	t
1533	2020-04-10 00:00:00+00	Frac PL_215	(я покупал за свой счет) Запчасти и расходные материалы IT	WL-REQ-000000009832	t	t	53	25571	2020-04-22 00:00:00+00	1	t
1530	2019-09-30 00:00:00+00	General_C	General_C. Картриджи и запчасти IT 4 квартал 2019	WL-REQ-000000009486	t	t	323	310800	2019-12-23 00:00:00+00	1	t
1524	2019-09-24 00:00:00+00	Frac PL_215	Диспетчер Радужный. Принтер	WL-REQ-000000009268	t	t	295	97145	2019-09-24 00:00:00+00	1	t
1526	2019-09-13 00:00:00+00	DRT	DRT. Принтер Kyocera 6230	НО-REQ-0000000002181	t	t	228	97145	2019-08-30 00:00:00+00	1	t
1525	2019-09-10 00:00:00+00	General_C	Принтер для Главы Ноябрьского филиала	WL-REQ-000000009289	t	t	50	16000	2019-11-06 00:00:00+00	1	t
1523	2019-08-05 00:00:00+00	Frac PL_215	CAPEX 2019 PPS	WL-REQ-000000008843	t	t	300	2470650	2019-12-26 00:00:00+00	1	t
1521	2019-07-22 00:00:00+00	Frac PL_215	WFNF-REQ-17444    Станция контроля флот №6	WL-REQ-000000008652	t	t	268-п и 302-п	759717	2019-12-16 00:00:00+00	1	t
1519	2019-07-20 00:00:00+00	Frac PL_215	(+2первГНКТ)ГРП_IT запчасти для инженеров	WL-REQ-000000008639	t	t	197	240100	2019-12-31 00:00:00+00	1	t
1520	2019-07-20 00:00:00+00	Frac PL_215	ГРП_IT картриджи для флотов на 3 квартал 2019	WL-REQ-000000008640	t	t	200	215280	2019-08-30 00:00:00+00	1	t
1518	2019-07-19 00:00:00+00	Frac PL_215	ГРП компьютерное оборудовнаие для станции управления CAPEX 2019 PPS	WL-REQ-000000008633	t	t	225+++	611320	2019-08-30 00:00:00+00	1	t
1543	2020-07-20 00:00:00+00	FRE	картриджи для FRE	НО-REQ-0000000002315	t	t	123	38480	2020-09-01 00:00:00+00	1	t
1516	2019-07-10 00:00:00+00	Frac PL_215	ГРП компьютерное оборудовнаие для инженеров в офис Ноябрьск Уренгой	WL-REQ-000000008506	t	t	224	247492	2019-08-30 00:00:00+00	1	t
1531	2019-09-30 00:00:00+00	Frac PL_215	Усилители Vegatel VT-1800 3G-kit на Станции управления во все флота ГРП + две в запас Согласовано Садрлиманов Алмаз.	WL-REQ-000000009488	t	t	124	200000	2020-08-01 00:00:00+00	1	t
1507	2019-03-20 00:00:00+00	CT PL_214	ГНКТ Картриджи 1 квартал 2019	WL-REQ-000000007356	t	t	86	146148	2019-02-08 00:00:00+00	1	t
1508	2019-03-20 00:00:00+00	General_C	General_C. Картриджи и запчасти IT 1 квартал 2019	WL-REQ-000000007364	t	t	147	356100	2019-02-08 00:00:00+00	1	t
1538	2020-05-20 00:00:00+00	General_C	General_C. Картриджи и запчасти IT 2 квартал 2020	WL-REQ-000000011611	t	t	\N	255800	2021-06-05 00:00:00+00	1	t
1539	2020-06-02 00:00:00+00	DRT	DRT Комплект запасных картриджей Принтер Kyocera 6230	НО-REQ-0000000002285	t	t	91	84500	2020-06-02 00:00:00+00	1	t
1536	2020-05-20 00:00:00+00	Frac PL_215	Губачев Егин устройство громкой связи для PC Картриджи	WL-REQ-000000011992	t	t	78	45009	2020-06-30 00:00:00+00	1	t
1535	2020-04-15 00:00:00+00	CT PL_214	WFNF-REQ-18352 Polycom и цветной принтер	WL-REQ-000000011627	t	t	62	145275	2020-07-03 00:00:00+00	1	t
1532	2019-10-03 00:00:00+00	CT PL_214	ГНКТ IT SSD диски для инженеров	WL-REQ-000000009483	t	t	63	55000	2020-05-30 00:00:00+00	1	t
1527	2019-09-30 00:00:00+00	Frac PL_215	ГРП_IT Мониторы для инженеров	WL-REQ-000000009305	t	t	70	134000	2020-07-02 00:00:00+00	1	t
1522	2019-08-01 00:00:00+00	General_C	Мониторы для отдела Снабжения 	WL-REQ-000000008804	t	t	230	27900	2019-09-21 00:00:00+00	1	t
1517	2019-07-19 00:00:00+00	General_C	Картриджи и запчасти IT 3 квартал 2019	WL-REQ-000000008616	t	t	198	294580	2019-09-01 00:00:00+00	1	t
1528	2019-09-30 00:00:00+00	Frac PL_215	ГРП_IT Мониторы для координотра Раджуный Устинов Позднякова (Должны , ждем поставки с другой заявкой, я ее должен сделать)	WL-REQ-000000009307	t	t	20	26800	2019-09-01 00:00:00+00	1	t
1537	2020-05-20 00:00:00+00	Frac PL_215	принтеры FF1 и FF4 и РММ Арктикгаз WFNF-REQ-18373	WL-REQ-000000012034	t	t	80	155300	2020-12-17 00:00:00+00	1	t
1511	2019-04-15 00:00:00+00	Frac PL_215	компьютерное оборудовнаие во Флоты	WL-REQ-000000007647	t	t	107+++	282000	\N	1	t
1493	2018-05-30 00:00:00+00	Frac PL_215	Инженеры Картриджи Июль-Август 2018	NF-REQ-000000022421	t	t	329+++	239184	2018-10-01 00:00:00+00	1	t
1491	2018-05-28 00:00:00+00	Frac PL_215	Усилитель сотового сигн чала для FF5	NF-REQ-000000022323	t	t	326	18000	2018-07-05 00:00:00+00	1	t
1492	2018-05-28 00:00:00+00	Frac PL_215	Принтеры ГРП	NF-REQ-000000022318	t	t	324	97320	2018-06-25 00:00:00+00	1	t
1489	2018-02-14 00:00:00+00	General_C	Картриджи для General Ноябрьск 2018 второй квартал	NF-REQ-000000022053	t	t	302+++	357351	2018-06-27 00:00:00+00	1	t
1488	2018-02-09 00:00:00+00	Frac PL_215	Инженеры Картриджи январь-март 2018	NF-REQ-000000021654	t	t	112+++	249384	2018-04-24 00:00:00+00	1	t
1486	2018-02-05 00:00:00+00	CT PL_214	ГНКТ Картриджи январь-март 2018	NF-REQ-000000021643	t	t	113+++	88432	2018-07-31 00:00:00+00	1	t
1487	2018-02-05 00:00:00+00	General_C	Обновление периферийного оборудования	NF-REQ-000000021651	t	t	191	46500	2018-06-15 00:00:00+00	1	t
1485	2018-02-05 00:00:00+00	Frac PL_215	ГРП Флоты Картриджи январь-март 2018	NF-REQ-000000021650	t	t	124	68301	2018-09-01 00:00:00+00	1	t
1483	2017-11-15 00:00:00+00	CT PL_214	Картриджи для ГНКТ Ноябрь Декабрь 2017	416	t	t	439	89280	2018-09-01 00:00:00+00	1	t
1482	2017-11-15 00:00:00+00	Frac PL_215	Картриджи для ГРП Ноябрь Декабрь 2017	415	t	t	437	200489	2017-12-01 00:00:00+00	1	t
1481	2017-08-21 00:00:00+00	General_C	Цветной принтер для Транспортного отдела	NF-REQ-000000020313(414)	t	t	241	125200	2017-09-26 00:00:00+00	1	t
1480	2017-08-15 00:00:00+00	General_C	Картриджи для General Ноябрь Декабрь 2017	413	t	t	440	180491	2018-01-01 00:00:00+00	1	t
1479	2017-08-10 00:00:00+00	Frac PL_215	Картриджи ГРП Инженеры - Сентябрь октябрь 2017	412	t	t	220+++	187870	2017-11-16 00:00:00+00	1	t
1478	2017-08-09 00:00:00+00	General_C	Принтер и сеть в новом уренгое для General_C	411	t	t	219	49705	2017-09-26 00:00:00+00	1	t
1477	2017-07-31 00:00:00+00	Frac PL_215	Картриджи ГРП Флот - Сентябрь октябрь 2017	410	t	t	218+++	128340	2017-09-26 00:00:00+00	1	t
1476	2017-07-14 00:00:00+00	Frac PL_215	Комплект компьютера для FF4	409	t	t	272	12600	2017-09-28 00:00:00+00	1	t
20	2020-08-25 00:00:00+00	Frac PL_215	Усилители и Антенны	WL-REQ-000000012895	t	t	129	222000	2020-10-06 00:00:00+00	1	t
17	2020-08-25 07:37:29.153+00	Frac PL_215	Картриджи в офис Ноябрьск и Уренгой	WL-REQ-000000012888	t	t	109+++	123706	2020-08-26 00:00:00+00	1	t
1546	2020-08-31 05:46:46.445+00	COIL (PL_214)	Картриджи для флотов ГРП ГНКТ	WL-REQ-000000012943	t	t	150	212700	2020-10-26 00:00:00+00	6	t
1541	2020-06-16 00:00:00+00	Frac PL_215	Картриджи IT для цветного принтера A3 в Уренгой	WL-REQ-000000012200	t	t	121	\N	2020-09-04 00:00:00+00	1	t
1512	2019-04-23 00:00:00+00	CT PL_214	Мониторы WFNF-REQ-17091	WL-REQ-000000007733	t	t	105	61000	2019-07-10 00:00:00+00	1	t
1550	2020-11-20 09:21:41.488+00	1	Картриджи для цветного принтера в офисе в Радужном (Передать в DRT Fedorovich Valery)	WL-REQ-000000013745	\N	\N	\N	84500	2020-03-22 00:00:00+00	1	\N
18	2020-07-28 00:00:00+00	DRT	Наушники DRT	НО-REQ-0000000002320	t	t	\N	13000	2020-08-21 00:00:00+00	1	t
1542	2020-07-10 00:00:00+00	Frac PL_215	Мониторы для Харланов Садрлиманов	WL-REQ-000000012277	t	t	122	37440	2020-09-04 00:00:00+00	1	t
1540	2020-06-04 00:00:00+00	General_C	General_C. Мониторы для Асеевой Юлиив снабжение Ноябрьск	WL-REQ-000000012129	t	t	90	27900	2020-06-04 00:00:00+00	1	t
1509	2019-04-04 00:00:00+00	Frac PL_215	Картриджи Инженеры 2кв	WL-REQ-000000007532	t	t	\N	299276	2019-01-07 00:00:00+00	1	t
1514	2019-04-24 00:00:00+00	Frac PL_215	V Refurb капитальный ремонт оборудования ГРП	WL-REQ-000000007748	t	t	141(145)	44700	2020-01-08 00:00:00+00	1	t
1515	2019-07-10 00:00:00+00	CT PL_214	ГНКТ IT оборудование для инженеров	WL-REQ-000000008638	t	t	199	216190	2020-04-09 00:00:00+00	1	t
1548	2020-10-06 13:13:42.589+00	FRAC (PL_215)	Срочно.Мониторы для FF3 По требованию Садрлиманова.Выдать МельниковуМихаилу.	WL-REQ-000000013375	t	t	145	36000	2020-09-30 19:00:00+00	14	t
1490	2018-04-19 00:00:00+00	Frac PL_215	ГРП Мониторы Eizo FlexScan EV2456, Внешний микрофони	NF-REQ-000000022074	t	t	335	122200	2018-09-24 00:00:00+00	1	t
1553	2020-11-20 10:40:53.063+00	1	Принтер для FF2и картриджи для флотов ГРП	WL-REQ-000000013743	\N	\N	167	91300	2021-02-15 00:00:00+00	1	\N
1558	2020-12-10 20:26:47.85+00	1	ГРП_IT Монитор клавиатура докстанция для руководителя Лаборатории Ширяева\\Мымрина	WL-REQ-000000013989	\N	\N	\N	29800	2021-02-15 00:00:00+00	1	\N
1547	2020-09-04 08:24:07.16+00	FRAC (PL_215)	Мониторы тачскрин и HDD SSD	WL-REQ-000000009519	t	t	168	197900	2020-12-17 00:00:00+00	1	t
1549	2020-11-20 09:03:53.138+00	1	оборудование для усиления связи на месторождении Сабетта\\Салман	WL-REQ-000000013599	\N	\N	Счет-фактура №171 от 11.12.2020	111000	2020-12-17 00:00:00+00	1	\N
1513	2019-04-23 00:00:00+00	Frac PL_215	ГРП компьютерное оборудовнаие для Инженеров ГРП Ноябрьск	WL-REQ-000000007734	t	t	106	128400	2021-01-31 00:00:00+00	1	t
1557	2020-12-10 20:22:22.135+00	1	клавиатуры и мышки по заявке WFNF-REQ-18004	WL-REQ-000000013936	\N	\N	\N	8400	2021-02-15 00:00:00+00	1	\N
1545	2020-08-28 06:18:25.33+00	COIL (PL_214)	WFNF-REQ-18816 усилитель GSM и UPS для станций ГНКТ	WL-REQ-000000012886	t	t	Счет-фактура №172 от 11.12.2020	87200	2020-03-22 00:00:00+00	5	t
1551	2020-11-20 10:10:48.342+00	2	Картриджи для флотов ГНКТ	WL-REQ-000000013598	\N	\N	\N	178200	2020-03-22 00:00:00+00	1	\N
1552	2020-11-20 10:13:59.955+00	2	Усилители для Флотов ГНКТ по заявке Завьялова А. для 3 флота ГНКТ - 2 штуки, и для первого флота 2 штуки	WL-REQ-000000013729	\N	\N	\N	222000	2020-03-22 00:00:00+00	1	\N
1556	2020-12-10 19:46:17.225+00	1	WFNF-REQ-18814 Лента на DYMO LetraTag LT-100H и картриджи ГРП	WL-REQ-000000013600	\N	\N	\N	189704	2021-06-04 00:00:00+00	1	\N
1554	2020-11-20 11:03:45.065+00	1	ГРП_IT Мониторы для координотра Раджуный Устинов Поздняков	WL-REQ-000000013787	\N	\N	166\n	27926	2020-12-17 00:00:00+00	1	\N
15	2020-08-25 06:04:30.973+00	Frac PL_215	Картриджи и клавиатура в СБ Уренгой Драм для Aseeva Y	WL-REQ-000000012887	t	t	Счет-фактура №130 от 28.09.2020	87590	2020-12-17 00:00:00+00	1	t
1568	2021-06-17 04:21:01.127+00	1	Проектор для обучения (Срочная заявка)	WL-REQ-000000015652	\N	\N	\N	18950	2021-06-07 09:50:51.208+00	1	f
1560	2021-02-01 09:51:21.58+00	1	Картриджи для ГРП и этикетки для склада	WL-REQ-000000014427	\N	\N	\N	\N	2021-04-06 13:55:00+00	1	\N
1534	2020-04-10 00:00:00+00	Frac PL_215	Картриджи и запчасти IT 2 квартал 2020 Уреной	WL-REQ-000000011585	t	t	81	418994	2021-04-07 00:00:00+00	1	t
1561	2021-04-30 12:24:35.129+00	1	Обновление компьютерного железа для ПО AMI и Windows 10 TMVFF#5 и TMV контейнер	WL-REQ-000000015415	\N	\N	\N	\N	\N	1	f
1565	2021-05-14 12:59:18.465+00	1	WFNF-REQ-19178 - мониторы и спикерфон USB для РММ	WL-REQ-000000015477	\N	\N	\N	138030	\N	1	f
1564	2021-05-14 11:01:14.378+00	1	Картриджи для ГРП, принтер для FF6 и FF3, этикетки склад	WL-REQ-000000015476	\N	\N	\N	268603	\N	1	f
1563	2021-05-14 08:03:52.465+00	2	Картриджи для флотов ГНКТ, принтер для ГНКТ2, монитор для Хабибуллин\\Козлов	WL-REQ-000000015475	\N	\N	\N	194979	\N	1	f
1566	2021-05-18 05:31:16.13+00	2	Кабель для усилителей сотовой связи	WL-REQ-000000015493	\N	\N	\N	\N	\N	1	f
1567	2021-05-18 06:08:40.211+00	4	IT Материалы для сотрудников офиска General\\ГРП\\ГНКТ.	WL-REQ-000000015503	\N	\N	\N	\N	\N	1	f
\.


--
-- TOC entry 3208 (class 0 OID 44150)
-- Dependencies: 231
-- Data for Name: nomenclatures; Type: TABLE DATA; Schema: public; Owner: postgres
--

COPY public.nomenclatures (id, comment, price, manufacturer, nomenclature, code, submitdate, expireddate, categoryid) FROM stdin;
611	Компактный компьютер NISE 106-N3160	\N	NISE	NISE 106-N3160	00000280723	2019-08-19 00:00:00+00	\N	1
68	картридж для HP 2320 \\ 00000259078	8500	HP	304A (CC531A) Синий	000000XXXXX	\N	\N	6
69	картридж для HP 2320 \\ 00000259079	8500	HP	304A (CC533A) Красный	000000XXXXX	\N	\N	6
70	картридж для HP 2320 \\ 00000259085	8500	HP	304A (CC532A) Желтый	000000XXXXX	\N	\N	6
613	Накопитель SSD промышленный 512GB SATA III -40C° +85C°, Apacer APS25KZ7512G-2BTM1GWF	\N	Apacer 	Накопитель SSD промышленный 512GB SATA III -40C° +85C°, Apacer APS25KZ7512G-2BTM1GWF	00000280725	2019-08-19 00:00:00+00	\N	\N
612	Промышленный компьютер Smartum Rack-4271 Промышленный компьютер Smartum\nRack-4271:4U/Intel Core i3-7100 3.90ГГц/4Гб DDR4 2400МГц/1Тб SATA HDD/VGA,DisplayPort, HDMI/DVD-RW/2xGbLan/2xRS-232,\n1xRS-232/422/485/4xUSB3.0, 2xUSB2.0/2x\nPS/2/Audio/Слоты расширения 4xPCI, 1xPCI-E x16, 2xPCI-E x4/Видеокарта NVIDIA Quadro P600, 4xmDP/Блок питания 600Вт.	\N	Smartum	Smartum Rack-4271	00000280724	2019-08-19 00:00:00+00	\N	1
380	Картридж для принтера HP LaserJet M3035	15000	HP	51X (Q7551X) Черный	00000061240	\N	\N	6
389	Картридж для принтера HP LaserJet M5035	16000	HP	70A (Q7570A) Черный	00000004212	\N	\N	6
522	Картридж 78A ( CE278A ) Черный	8395	HP	78A (CE278A) Черный	00000098238	\N	\N	6
523	Картридж 80X ( CF280X ) Черный	18853	HP	80X (CF280X) Черный	00000206317	\N	\N	6
524	Картридж 85A ( CE285A ) Черный	7370	HP	85A (CE285A) Черный	00000002013	\N	\N	6
618	Проектор	17700	CACTUS	CS-PRE.05B.WXGA-W	00000127693	2021-05-01 09:38:09.906+00	\N	1
619	Презентер	1250	A4TECH	A4TECH LP15	00000234109	2021-05-01 09:38:09.906+00	\N	1
600	Устройство громкой связи / https://www.citilink.ru/catalog/car_electronics/cars_bluetooth/1109823/vopros-otvet/	11300	JABRA	Speak 410 UC	00000088339	2020-08-28 05:39:07.406+00	\N	\N
601	Кабель для монитора / https://www.dns-shop.ru/product/8f1627fd2eda3330/kabel-dexp-displayport---hdmi-18-m/	900	DEXP	DisplayPort - HDMI 1.8	00000282305	2020-08-28 05:53:20.984+00	\N	\N
537	картридж для HP 2320	12500	HP	304А (CC530A) Черный	00000259080 	2020-08-11 13:20:30.064+00	\N	6
73	HP LaserJet 1536 / 00000098238	6380	HP	78A (CE278A) Черный	000000XXXXX	\N	\N	1
78	Оперативная память для 6420 DDR3 4GB 1333MHZ / 00000272315 /	2350	NoName	DDR3 4GB 1333MHZ	000000XXXXX	\N	\N	1
83	Усилитель сотового сигнала	25000	AnyTone	Усилитель сотового сигнала	000000XXXXX	\N	\N	1
96	Зарядное устройство 12V от прикуривателя для ноутбука Latitude / 00000230680	\N	DELL	90W Power Supply CAR/AIR Charger for Dell Latitude	000000XXXXX	\N	\N	1
125	Клавиатура PS/2	156	NoName	Клавиатура PS/2	000000XXXXX	\N	\N	1
598	Усилитель сотового сигнала 900/1800/2100/2600	48500	Vegatel	Titan-5B (LED)	00000289842	2020-08-25 00:00:00+00	\N	1
533	Картридж 131A ( CF210A ) Черный для HP LJ 200	7024	HP	131A (CF210A) Черный	00000221460	\N	\N	6
534	Картридж 131A ( CF211A ) Синий для HP LJ 200	9000	HP	131A (CF211A) Синий	00000221437	\N	\N	6
535	Картридж 131A ( CF212A ) Желтый для HP LJ 200	9000	HP	131A (CF212A) Желтый	00000221458	\N	\N	6
536	Картридж 131A ( CF213A ) Красный для HP LJ 200	9000	HP	131A (CF213A) Красный	00000221443	\N	\N	6
160	Кабель UTP, 4 пары, бухта.	4940	NoName	Витая пара	00000252266	\N	\N	1
158	Монитор 20 дюймов	47900	DELL	P2011H/E2014H	000000XXXXX	\N	\N	1
163	коннекторы RJ45, 5-й категории, без вставки, упаковка / 00000009073	700	NoName	RJ45 Коннектор	000000XXXXX	\N	\N	1
614	Кабель для усилителя сотового сигнала 15 метров	\N	\N	Кабельная сборка N-male - 15 метров 8D-FB - N-male	00000040596	2021-05-01 00:00:00+00	\N	1
615	Кабель для усилителя сотового сигнала 5 метров	\N	\N	Кабельная сборка N-male - 5 метров RG-58 - N-male	00000034215	2021-05-01 00:00:00+00	\N	1
180	Оперативная память для 6430 DDR3L 4GB 1600MHZ / 00000234528 / https://www.citilink.ru/catalog/computers_and_notebooks/parts/memory/?available=1&status=55395790&p=1&f=647_286430 DDR3L,9034_281600mgts,650_284d1gb	1750	NoName	DDR3L 4GB 1600MHZ	000000XXXXX	\N	\N	1
435	МФУ Ecosys M6235cidn	\N	Kyocera	M6235cidn	00000278464	2019-01-01 00:00:00+00	2019-01-01 00:00:00+00	5
207	ИБП UPS 3000VA / 00000242002 \\ 00000242003 / https://www.citilink.ru/catalog/computers_and_notebooks/powersafe/ups/647342/	150000	APC	PR3000ELCDRTXL2U	000000XXXXX	\N	\N	1
213	Адаптер для подкл-я IDE / SATA 2.5 / 3.5 устройств к USB3.0	910	NoName	IDE / SATA	000000XXXXX	\N	\N	1
220	Наушники с микрофоном, провод не менее 3 м.	\N	NoName	Гарнитура	000000XXXXX	\N	\N	1
232	HP LaserJet 400 B/W / 00000206317	7692	HP	80X (CF280X) Черный	000000XXXXX	\N	\N	1
271	Абонентская станция LOCO M5, интегрированная антенна 13 дБ (LOCOM5(EU))	6500	Ubiquiti	NanoStation Loco M5	000000XXXXX	\N	\N	1
283	Усилитель сотового сигнала 900 /1800/2100 МГц / 00000090983	25000	NoName	KW20L-GW 2G 3G LTE Booster	000000XXXXX	\N	\N	1
616	Док-станция для накопителей HDD	\N	AgeStar	Gembird HD32-U3S-4	00000209898	2021-05-01 00:00:00+00	\N	1
300	1-портовый преобразователь USB в RS-232/422/485 / 00000110440/ http://www.moxa.ru/shop/usb/1_port/uport_1110/	\N	Moxa	UPort 1110	000000XXXXX	\N	\N	1
617	Монитор 27 дюймов	\N	HP	27" Монитор HP 27mq [1F2J9AA] https://www.dns-shop.ru/product/045e088709d13332/27-monitor-hp-27mq-1f2j9aa/description	00000189480	2021-05-01 00:00:00+00	\N	1
332	Зарядное устройство 220V 150W  для ноутбука Latitude / 00000254065	7800	DELL	220V Power Supply For Dell Latitude 90W	000000XXXXX	\N	\N	1
368	HP JT 5810 / 00000266926	900	HP	GT52 Синий	000000XXXXX	\N	\N	1
369	HP JT 5810 / 00000266910	900	HP	GT52 Красный	000000XXXXX	\N	\N	1
370	HP JT 5810 / 00000266911	900	HP	GT52 Желтый	000000XXXXX	\N	\N	1
377	Матрица 14.0/ LED LCD LTN140KT12 для Dell E6440 / 00000269491 / https://www.ebay.com/itm/Dell-Latitude-14-E6440-OEM-Matte-LED-LCD-WXGA-Screen-LTN140KT12-Grd-A-GLP/401365727014?epid=1979194067&hash=item5d7342f726:g:1lkAAOSwWdZZaRxd	\N	DELL	LTN140KT12	000000XXXXX	\N	\N	1
378	HDMI-DVI 1.8 https://www.ulmart.ru/goods/4354692 / 00000269490	845	NoName	HDMI-DVI	000000XXXXX	\N	\N	1
379	Контейнер для SATA HDD 2.5	\N	NoName	Контейнер HDD	000000XXXXX	\N	\N	1
390	HDD Жесткий диск, 2TB 2.5 USB Внешний	7300	NoName	HDD 2.5 2TB USB 3.0	000000XXXXX	\N	\N	1
81	PC 960 Stereo Headset https://www.dns-shop.ru/product/9e386eace19a3361/provodnye-nausniki-logitech-pc-960-stereo-headset-cernyj	2600	Logitech	Наушники Гарнитура	00000127692	2020-07-26 19:37:10.977+00	\N	1
602	Блок бесперебойного питания с розетками 220 / https://www.dns-shop.ru/product/4d9166375cb13330/ibp-apc-back-ups-500va-bv500i-gr/	5000	APC	Back-UPS 500VA	00000095674	2020-08-28 05:53:20.984+00	\N	\N
170	HP LaserJet 300/400	8130	HP	305A (CE410A) Черный	00000260870	\N	\N	1
171	HP LaserJet 300/400	12200	HP	305A (CE411A) Голубой	00000093900	\N	\N	1
172	HP LaserJet 300/400	12200	HP	305A (CE413A) Пурпурный	00000093902	\N	\N	1
173	HP LaserJet 300/400	12200	HP	305A (CE412A) Желтый	00000093901	\N	\N	1
72	Картридж для HP LaserJet P2055dn	11300	HP	05X (CE505X) Черный	00000090891	\N	\N	6
60	HP LaserJet M1212nf MFP \\ 00000002013	5140	HP	85A (CE285A) Черный	000000XXXXX	\N	\N	1
63	Туба компакт дисков (100 CD-R) / 00000098879/	1900	NoName	CD-R	000000XXXXX	\N	\N	1
216	HP 5525 HP Deskjet	1050	HP	655 (CZ109AE) Черный	00000229442	\N	\N	1
217	HP 5525 HP Deskjet	1050	HP	655 (CZ110AE) Синий	00000229443	\N	\N	1
218	HP 5525 HP Deskjet	1050	HP	655 (CZ111AE) Красный	00000229444	\N	\N	1
219	HP 5525 HP Deskjet	1050	HP	655 (CZ112AE) Желтый	00000229445	\N	\N	1
227	Сумка для ноутбуков 15  /	\N	NoName	Laptop Bag	00000114139	\N	\N	1
242	HDD Жесткий диск SSD 2.5 250 Gb SATA III	3900	Samsung	HDD 2.5 250GB SSD	00000259942	\N	\N	1
264	HP LaserJet M476	9840	HP	312A (CF380A) Черный	00000246512	\N	\N	1
265	HP LaserJet M476	12500	HP	312A (CF381A) Синий	00000246514	\N	\N	1
266	HP LaserJet M476	12500	HP	312A (CF383A) Красный	00000246515	\N	\N	1
267	HP LaserJet M476	12500	HP	312A (CF382A) Желтый	00000246516	\N	\N	1
185	Элемент питания для Dell Latitude E6420 \\ E6430 6-cell 90WHr Li-Ion	6000	DELL	Battery for Dell Latitude E6420 \\ E6430	00000250985	\N	\N	1
174	Комплект Клавиатура USB + Мышь USB	1400	NoName	Logitech Desktop MK120 USB	00000265152	\N	\N	1
417	Картридж \\ Лента Термотрансферная красящая для ZD420 RBN-740-02	1300	Zebra	Картридж для ZD420	00000276308	\N	\N	1
299	Ламинатор Fellowes Lunar A4 (FS-5715601) \\ 00000114087	5000	NoName	Ламинатор	00000114087	\N	\N	1
418	Термотрмоэтикетки для принтера ZD420	300	Zebra	Термотрмоэтикетки для ZD420	00000276309	\N	\N	1
444	Монитор 23 дюйма c сегулируемой высотой	13950	HP	Монитор 23.8	00000275978	2020-06-01 00:00:00+00	\N	1
329	HP LaserJet 4645 Deskjet /	1050	HP	650 (CZ101AE) Черный	00000258722	\N	\N	1
330	HP LaserJet 4645 Deskjet /	920	HP	650 (CZ102AE) Цветной	00000258721	\N	\N	1
337	Model C100/CX100 (USB микрофон) / http://www.ebay.com/itm/Polycom-Communicator-C100-/131944662820?hash=item1eb883c724:g:ABQAAOSwV0RXtDt0	10985	Polycom	Communicator	00000088339	\N	\N	1
347	http://www.comtrol.com/ethernet-device-servers/devicemaster-rts/devicemaster-rts-16port-rj45-rackmount	152830	Comtrol	Хаб 99455-8-RTS 16RM	00000260727	\N	\N	1
353	Картридж Kyocera для M6526cdn	10771	Kyocera	TK-590K Черный	00000260949	\N	\N	1
354	Картридж Kyocera для M6526cdn	12460	Kyocera	TK-590С Голубой	00000260951	\N	\N	1
355	Картридж Kyocera для M6526cdn	12460	Kyocera	TK-590M Пурпурный	00000260952	\N	\N	1
356	Картридж Kyocera для M6526cdn	12460	Kyocera	TK-590Y Желтый	00000260953	\N	\N	1
365	Картридж Kyocera для M2540dn	8000	Kyocera	TK-1170 Черный	00000265169	\N	\N	1
373	Картридж Kyocera для M6035CIDN	18850	Kyocera	TK-5150K Черный	00000267682	\N	\N	1
374	Картридж Kyocera для M6035CIDN	18850	Kyocera	TK-5150 Синий	00000267681	\N	\N	1
375	Картридж Kyocera для M6035CIDN	18850	Kyocera	TK-5150 Красный	00000267678	\N	\N	1
376	Картридж Kyocera для M6035CIDN	18850	Kyocera	TK-5150 Желтый	00000267677	\N	\N	1
381	HP Color LaserJet 6040 \\	6560	HP	825A (CB390A) Черный	00000010020	\N	\N	1
382	HP Color LaserJet 6040 \\	18000	HP	824A (CB381A) Синий	00000022068	\N	\N	1
383	HP Color LaserJet 6040 \\	18000	HP	824A (CB382A) Желтый	00000018321	\N	\N	1
384	HP Color LaserJet 6040 \\	18000	HP	824A (CB383A) Красный	00000008186	\N	\N	1
385	HP Color LaserJet 6040 \\	8000	HP	824A (CB384A) Барабан черный	00000105267	\N	\N	1
386	HP Color LaserJet 6040 \\	19400	HP	824A (CB385A) Барабан Синий	00000105268	\N	\N	1
387	HP Color LaserJet 6040 \\	19400	HP	824A (CB387A) Барабан Красный	00000105270	\N	\N	1
388	HP Color LaserJet 6040 \\	19400	HP	824A (CB386A) Барабан Желтый	00000105269	\N	\N	1
391	Пленка для Ламинатора А4 \\ 00000026449	1235	NoName	Пленка для Ламинатора А4	00000026449	\N	\N	1
394	HP 8720 HP offeceJet	6000	HP	953XL (L0S61AN) Синий	00000275802	\N	\N	1
395	HP 8720 HP offeceJet	6200	HP	953XL (L0S64AN) Красный	00000275801	\N	\N	1
396	HP 8720 HP offeceJet	6000	HP	953XL (L0S67AN) Желтый	00000275800	\N	\N	1
367	HP JT 5810 / 00000266909	900	HP	GT51 Черный	000000XXXXX	\N	\N	1
364	МФУ Ecosys M2540dn	41200	Kyocera	M2540dn	00000265171	2019-01-01 00:00:00+00	\N	5
372	МФУ Ecosys M6035cidn	\N	Kyocera	M6035cidn	00000267676	2019-01-01 00:00:00+00	2019-01-01 00:00:00+00	5
436	Картридж Kyocera для M6235	21000	Kyocera	TK-5280K Черный	00000278463	\N	\N	1
437	Картридж Kyocera для M6235	21000	Kyocera	TK-5280C Голубой	00000278462	\N	\N	1
438	Картридж Kyocera для M6235	21000	Kyocera	TK-5280Y Желтый	00000278461	\N	\N	1
439	Картридж Kyocera для M6235	21500	Kyocera	TK-5280M Пурпурный	00000278473	\N	\N	1
451	HDD Жесткий диск SSD  512 Gb M.2 \\ https://www.citilink.ru/catalog/computers_and_notebooks/hdd/ssd_in/1120732/	7500	Samsung	HDD 500GB M.2	00000268738	\N	\N	1
415	Mouse for Laptop\\Desktop, Optical, Wired, USB \\ 00000081654 \\ Logitech M90 Grey	500	Logitech	M90	000000XXXXX	\N	\N	1
393	HP 8720 HP offeceJet	6900	HP	953XL \\ 957XL (F6U19AN) Черный	00000275803	\N	\N	1
328	HDD Жесткий диск SSD 2.5 500 Gb SATA III	5000	Samsung	HDD 2.5 500GB SSD	00000264082	\N	\N	1
392	МФУ струйное HP Officejet Pro 8730	19000	HP	МФУ струйное HP Officejet Pro 8730	00000275799	\N	\N	1
416	Принтер Zebra ZD420 (ZD42043-C0EM00EZ)	49140	Zebra	Принтер ZD420	00000276301	\N	\N	1
440	Drum Unit Kyocera для 2540 / 00000278460	14000	Kyocera	DK-1150	000000XXXXX	\N	\N	1
441	Q7842-67902 ADF Roller Kit  HP 5035 / 00000278729	9500	HP	Q7842A	000000XXXXX	\N	\N	1
442	Q3938-67999 ADF Roller Kit  HP 6040 / 00000278730	9000	HP	CE487A	000000XXXXX	\N	\N	1
445	Переходник наушников на Cisco телефон \\ 00000022438 \\ 	300	Cisco	3.5 Переходник	000000XXXXX	\N	\N	1
446	Корпус серверный 4U Procase EB430M-B-0 \\ 00000276701 \\ https://www.xcom-shop.ru/procase_eb430m-b-0_386588.html	11700	Procase	Procase B430	000000XXXXX	\N	\N	1
449	ИБП UPS 600VA \\ 00000112451 \\ https://www.citilink.ru/catalog/computers_and_notebooks/powersafe/ups/751617/	6000	IPPON	Back Verso 600	000000XXXXX	\N	\N	1
452	Кабель Hyperline интерфейса RS-422/485, 4x2x22 AWG SFTP, 120 Ом, морозостойкий, PVC \\  \\ http://algroup-spb.ru/production/hyperline/promkab/temp/temp_610.html	122405	NoName	RS-SF4-O	000000XXXXX	\N	\N	1
453	Кабель Hyperline интерфейса RS-422/485, 2x2x22 AWG SFTP, 120 Ом, морозостойкий, PVC \\ \\ http://algroup-spb.ru/production/hyperline/promkab/temp/temp_611.html	116172	NoName	RS-SF2-O	000000XXXXX	\N	\N	1
589	Картридж TK-8115K Черный для M8130cidn	8500	Kyocera	TK-8115K Черный	00000286241	\N	\N	1
590	Картридж TK-8115C Голубой для M8130cidn	7700	Kyocera	TK-8115C Голубой	00000286240	\N	\N	1
591	Картридж TK-8115M Пурпурный для M8130cidn	7800	Kyocera	TK-8115M Пурпурный	00000286239	\N	\N	1
592	Картридж TK-8115Y Желтый для M8130cidn	7500	Kyocera	TK-8115Y Желтый	00000286238	\N	\N	1
595	Картридж черный PG-512 для Canon iP2700	2275	Canon	PG-512 Черный	00000289385	\N	\N	1
588	МФУ ECOSYS M8130cidn	134290	Kyocera	M8130cidn	00000286242	2019-01-01 00:00:00+00	\N	5
596	Картридж цветой PG-513 для Canon iP2700	2535	Canon	PG-513 Цветной	00000289384	\N	\N	1
5	для принтера HP 2727	8700	HP	53X (Q7553X) Черный	00000003658	\N	\N	1
6	HP LaserJet 3052 \\	4100	HP	12A (Q2612A) Черный	00000003990	\N	\N	1
400	Kensington SD1500 USB-C Mobile Dock e5480 \\ 00000276738	15000	DELL	C-Port	000000XXXXX	\N	\N	1
401	HP LaserJet 3550 \\ 00000023295	12000	HP	504A (CE250A) Черный	000000XXXXX	\N	\N	1
405	HP LaserJet 3550 \\ 00000023848	17000	HP	504A (CE251A) Синий	000000XXXXX	\N	\N	1
406	HP LaserJet 3550 \\ 00000084097	17000	HP	504A (CE252A) Желтый	000000XXXXX	\N	\N	1
407	HP LaserJet 3550 \\ 00000031525	17000	HP	504A (CE253A) Красный	000000XXXXX	\N	\N	1
409	HP LaserJet M500 \\ 00000240901	18900	HP	507X (CE400X) Черный	000000XXXXX	\N	\N	1
410	HP LaserJet M500 \\ 00000276095	18900	HP	507A (CE401A) Синий	000000XXXXX	\N	\N	1
411	HP LaserJet M500 \\ 00000276096	18900	HP	507A (CE402A) Желтый	000000XXXXX	\N	\N	1
412	HP LaserJet M500 \\ 00000276097	18900	HP	507A (CE403A) Красный	000000XXXXX	\N	\N	1
12	HDD Жесткий диск, 500 GB, SATA III, 2.5, 128Mb 7200rpm \\ 00000081005 \\ https://www.onlinetrade.ru/sitesearch.html?query=ST500LM034	4780	Seagate	HDD 2.5 500Gb SATA	000000XXXXX	\N	\N	1
1	Toner cartridge black for HP CM1017, 2600n, 2605dn	10850	HP	124A (Q6000A) Черный	00000060007	\N	\N	\N
2	Toner cartridge cyan for HP CM1017, 2600n, 2605dn	9130	HP	124A (Q6001A) Голубой	00000059503	\N	\N	\N
4	Toner cartridge Magenta for HP CM1017, 2600n, 2605dn	9130	HP	124A (Q6003A) Красный	00000086464	\N	\N	\N
3	Toner cartridge yellow for HP CM1017, 2600n, 2605dn	9130	HP	124A (Q6002A) Желтый	00000001047	\N	\N	\N
261	Монитор 23 дюйма https://www.citilink.ru/catalog/computers_and_notebooks/monitors/1113275/	11400	Samsung	S24D300H	00000248545	\N	\N	1
443	HDMI-HDMI 3.0 m 	800	NoName	HDMI-HDMI	00000031497	\N	\N	1
604	Картридж Kyocera для M6230	21000	Kyocera	TK-5270K Черный	\N	\N	\N	1
605	Картридж Kyocera для M6230	21000	Kyocera	TK-5270C Голубой	\N	\N	\N	1
606	Картридж Kyocera для M6230	21000	Kyocera	TK-5270Y Желтый	\N	\N	\N	1
607	Картридж Kyocera для M6230	21500	Kyocera	TK-5270M Пурпурный	\N	\N	\N	1
448	Docking Station	18200	HP	Док станция HP 3005pr	00000279616\\279070	\N	\N	1
447	Docking Station	14300	HP	Док станция HP UltraSlim 2013	00000279069\\279616 	\N	\N	1
609	Лента бумажная ,DYMO S0721510 -белая , 4 м	850	DYMO 	DYMO S0721510	00000253694	\N	\N	1
608	Элемент питания для Dell Latitude 6220 \\ 6230 \\ 6430S 6-cell 90WHr Li-Ion	6000	DELL	Battery for Dell Latitude E6220 \\ E6230 \\ E6430S	00000246917	\N	\N	1
161	Элемент питания для Dell Latitude E6410/E6400 6-cell 90WHr Li-Ion / 00000201553	7000	DELL	Battery for Dell Latitude E6410 \\ E6400	000000XXXXX	\N	\N	1
450	Элемент питания для Dell Latitude 5480	8000	DELL	Battery for Dell Latitude 5480	00000280510	\N	\N	1
597	Антенна для усилителя сотового сигнала круговая	7000	Vegatel	GSM/3G/4G BRIG (Круговая, 8 дБ)	00000289843	2020-08-25 00:00:00+00	\N	1
603	Монитор TouchScreen	38466	DELL	P2418HT 23.8	00000281899	2020-09-04 08:20:57.201+00	\N	1
610	Лента пластиковые ,DYMO S0721610 – белая , 4 м	970	DYMO 	DYMO S0721610	00000253724	\N	\N	1
\.


--
-- TOC entry 3214 (class 0 OID 44191)
-- Dependencies: 237
-- Data for Name: purchases; Type: TABLE DATA; Schema: public; Owner: postgres
--

COPY public.purchases (id, invoiceid, nomenclatureid, count, approver, resolvingdate, comment, buyingprice, commentnumenclature) FROM stdin;
3328	1476	300	1	Birin, Michail	2017-09-27 00:00:00+00	FF4	\N	\N
3329	1477	60	4	Koshelev, Anton	2017-09-26 00:00:00+00	FF4	\N	\N
3330	1476	242	1	Birin, Michail	2017-09-20 00:00:00+00	FF4	\N	\N
3332	1478	160	1	Nikitin, Petr	2017-08-25 00:00:00+00	организация сети в уренгое	\N	\N
3333	1478	163	1	Nikitin, Petr	2017-08-25 00:00:00+00	организация сети в уренгое	\N	\N
3334	1478	364	1	Ovchinnikova, Tatyana	2017-08-18 00:00:00+00	для бухгалтерии	\N	\N
3335	1478	365	1	Ovchinnikova, Tatyana	2017-08-25 00:00:00+00	для бухгалтерии	\N	\N
3338	1479	227	1	Ilaletdinov, Ilgam	2017-08-25 00:00:00+00	Ilaletdinov, Ilgam	\N	\N
3340	1479	367	1	Mymrin, Ivan	2017-09-28 00:00:00+00	в лабораторию г. Радужного. Но отдажим в какой нибудь флот а из флота поставим в лабораторию.	\N	\N
3341	1479	368	1	Mymrin, Ivan	2017-10-09 00:00:00+00	в лабораторию г. Радужного. Но отдажим в какой нибудь флот а из флота поставим в лабораторию.	\N	\N
3342	1479	369	1	Mymrin, Ivan	2017-10-09 00:00:00+00	в лабораторию г. Радужного. Но отдажим в какой нибудь флот а из флота поставим в лабораторию.	\N	\N
3343	1479	370	1	Mymrin, Ivan	2017-10-09 00:00:00+00	в лабораторию г. Радужного. Но отдажим в какой нибудь флот а из флота поставим в лабораторию.	\N	\N
3344	1477	161	1	Yakshibaev, Timur	2017-09-26 00:00:00+00	Yakshibaev, Timur	\N	\N
3345	1477	264	2	FF3 \\ Координатор \\ Kardash, Ivan \\ larichev, Dmitry	2017-09-26 00:00:00+00	FF3 \\ Координатор \\ Kardash, Ivan \\ larichev, Dmitry	\N	\N
3346	1477	265	1	FF3 \\ Координатор \\ Kardash, Ivan \\ larichev, Dmitry	2017-08-25 00:00:00+00	+++FF3 \\ Координатор \\ Kardash, Ivan \\ larichev, Dmitry	\N	\N
3347	1477	266	1	FF3 \\ Координатор \\ Kardash, Ivan \\ larichev, Dmitry	2017-08-25 00:00:00+00	+++FF3 \\ Координатор \\ Kardash, Ivan \\ larichev, Dmitry	\N	\N
3348	1477	267	1	FF3 \\ Координатор \\ Kardash, Ivan \\ larichev, Dmitry	2017-08-25 00:00:00+00	+++FF3 \\ Координатор \\ Kardash, Ivan \\ larichev, Dmitry	\N	\N
3349	1477	216	10	FF1 \\ FF2 \\ FF4	2017-08-25 00:00:00+00	FF1 \\ FF2 \\ FF4	\N	\N
3350	1477	217	3	FF1 \\ FF2 \\ FF4	2017-08-25 00:00:00+00	+++FF1 \\ FF2 \\ FF4	\N	\N
3351	1477	218	3	FF1 \\ FF2 \\ FF4	2017-08-25 00:00:00+00	+++FF1 \\ FF2 \\ FF4	\N	\N
3352	1477	219	3	FF1 \\ FF2 \\ FF4	2017-08-25 00:00:00+00	+++FF1 \\ FF2 \\ FF4	\N	\N
3353	1477	329	10	FF5	2017-08-25 00:00:00+00	FF5	\N	\N
3354	1477	73	5	FF3 \\ Nikorak, Nikolay \\ Sadrlimanov, Almaz	2017-09-26 00:00:00+00	FF3 \\ Nikorak, Nikolay \\ Sadrlimanov, Almaz	\N	\N
3355	1477	330	5	FF5	2017-08-20 00:00:00+00	+++FF5	\N	\N
3356	1479	170	1	Gensler, Pavel	2017-11-16 00:00:00+00	Когалым АБК1этаж;	\N	\N
3357	1479	171	1	Gensler, Pavel	2017-08-25 00:00:00+00	+++Когалым АБК1этаж;	\N	\N
3358	1479	172	1	Gensler, Pavel	2017-08-25 00:00:00+00	+++Когалым АБК1этаж;	\N	\N
3359	1479	173	1	Gensler, Pavel	2017-08-25 00:00:00+00	+++Когалым АБК1этаж;	\N	\N
3360	1479	264	2	Patenko, Evgeniy	2017-09-26 00:00:00+00	КогАБК2; НурАБК2;	\N	\N
3361	1479	265	2	Patenko, Evgeniy	2017-08-25 00:00:00+00	+++КогАБК2; НурАБК2;	\N	\N
3362	1479	266	2	Patenko, Evgeniy	2017-08-25 00:00:00+00	+++КогАБК2; НурАБК2;	\N	\N
3363	1479	267	2	Patenko, Evgeniy	2017-08-25 00:00:00+00	+++КогАБК2; НурАБК2;	\N	\N
3364	1479	329	2	Shiryaev, Vladimir	2017-08-25 00:00:00+00	Лаборатория	\N	\N
3365	1479	330	2	Shiryaev, Vladimir	2017-08-25 00:00:00+00	Лаборатория	\N	\N
3366	1479	232	1	Dulishkovich, Vladimir	2017-09-26 00:00:00+00	НурАБК2;	\N	\N
3367	1479	60	1	РадужныйАБК2	2017-09-26 00:00:00+00	РадужныйАБК2;	\N	\N
3368	1479	216	6	Rafikov, Rafik	2017-08-25 00:00:00+00	Таркосале (ВТСМ);	\N	\N
3369	1479	217	6	Rafikov, Rafik	2017-08-25 00:00:00+00	+++Таркосале (ВТСМ);	\N	\N
3370	1479	218	6	Rafikov, Rafik	2017-08-25 00:00:00+00	+++Таркосале (ВТСМ);	\N	\N
3371	1479	219	6	Rafikov, Rafik	2017-08-25 00:00:00+00	+++Таркосале (ВТСМ);	\N	\N
3372	1479	73	4	Voloshin, Vitaliy	2017-09-26 00:00:00+00	Таркосале (ВТСМ);	\N	\N
3373	1481	372	1	Sungatulina, Elena	2017-08-30 00:00:00+00	Диспетчерская	\N	\N
3374	1481	373	1	Sungatulina, Elena	2017-09-26 00:00:00+00	Диспетчерская	\N	\N
3375	1481	374	1	Sungatulina, Elena	2017-09-26 00:00:00+00	Диспетчерская	\N	\N
3376	1481	375	1	Sungatulina, Elena	2017-09-26 00:00:00+00	Диспетчерская	\N	\N
3377	1481	376	1	Sungatulina, Elena	2017-09-26 00:00:00+00	Диспетчерская	\N	\N
3378	1482	161	1	Sadrlimanov, Almaz	2018-09-01 00:00:00+00	получилвыдал Олуховым \nД.В./Зеленским Д.А. 12,10,2018 -отправли через ноябрьск инженеров.	\N	\N
3379	1482	96	5	Buntin, Denis	2017-12-01 00:00:00+00	Buntin, Denis - для транспорта	\N	\N
3380	1483	377	1	Andreev, Vyacheslav	2018-09-13 00:00:00+00	для Колесову Анатолию заменить на компе 2HCWH12	\N	\N
3381	1483	161	1	Bessonov, Dmitriy	2018-09-01 00:00:00+00	Trusov, Vladimir	\N	\N
3382	1483	378	2	Bessonov, Dmitriy	2018-01-25 00:00:00+00	Бессонов \\ Попов	\N	\N
3383	1482	378	4	Buntin, Denis	2018-01-25 00:00:00+00	Nalimov Ivan	\N	\N
3384	1482	216	14	Nikitin, Petr	2018-03-05 00:00:00+00	FF1\\FF2\\FF4	\N	\N
3385	1482	217	3	Nikitin, Petr	2017-12-12 00:00:00+00	FF1\\FF2\\FF4	\N	\N
3386	1482	218	3	Nikitin, Petr	2018-01-01 00:00:00+00	FF1\\FF2\\FF4	\N	\N
3387	1482	219	3	Nikitin, Petr	2018-01-01 00:00:00+00	FF1\\FF2\\FF4	\N	\N
3388	1482	73	3	Tokarev, Aleksandr	2018-01-01 00:00:00+00	FF3	\N	\N
3389	1482	60	5	Krasnoborov, Evgeniy	2018-01-01 00:00:00+00	FF4\\Радужный(Инженеры\\АБК 2 этаж)	\N	\N
3390	1482	329	9	Leksin, Andrey	2017-12-12 00:00:00+00	FF5 \\ лаборатория	\N	\N
3391	1482	330	9	Leksin, Andrey	2018-01-01 00:00:00+00	FF5 \\ лаборатория	\N	\N
3392	1482	170	1	Nalimov, Ivan	2017-12-12 00:00:00+00	Ноябрьск \\ Инженеры \\ АБК 1 этаж	\N	\N
3393	1482	171	1	Nalimov, Ivan	2017-12-12 00:00:00+00	Ноябрьск \\ Инженеры \\ АБК 1 этаж	\N	\N
3394	1482	172	1	Nalimov, Ivan	2017-12-12 00:00:00+00	Ноябрьск \\ Инженеры \\ АБК 1 этаж	\N	\N
3395	1482	173	1	Nalimov, Ivan	2017-12-12 00:00:00+00	Ноябрьск \\ Инженеры \\ АБК 1 этаж	\N	\N
3396	1482	264	1	Gubachev, Vyacheslav	2018-01-01 00:00:00+00	Ноябрьск \\ Инженеры \\ АБК 2 этаж \\	\N	\N
3397	1482	265	1	Gubachev, Vyacheslav	2018-01-01 00:00:00+00	Ноябрьск \\ Инженеры \\ АБК 2 этаж \\	\N	\N
3398	1482	266	1	Gubachev, Vyacheslav	2018-01-01 00:00:00+00	Ноябрьск \\ Инженеры \\ АБК 2 этаж \\	\N	\N
3399	1482	267	1	Gubachev, Vyacheslav	2018-01-01 00:00:00+00	Ноябрьск \\ Инженеры \\ АБК 2 этаж \\	\N	\N
3400	1483	329	10	Bessonov, Dmitriy	2018-03-05 00:00:00+00	CTF1	\N	\N
3401	1483	330	6	Bessonov, Dmitriy	2018-03-05 00:00:00+00	CTF1	\N	\N
3402	1483	6	2	Bessonov, Dmitriy	2018-01-01 00:00:00+00	CTF2	\N	\N
3403	1483	216	7	Bessonov, Dmitriy	2018-06-15 00:00:00+00	CTF3	\N	\N
3404	1483	217	3	Bessonov, Dmitriy	2018-03-05 00:00:00+00	CTF3	\N	\N
3405	1483	218	3	Bessonov, Dmitriy	2018-01-01 00:00:00+00	CTF3	\N	\N
3406	1483	219	3	Bessonov, Dmitriy	2018-01-01 00:00:00+00	CTF3	\N	\N
3407	1483	73	6	Okolova, Oksana	2018-01-01 00:00:00+00	Okolova, Oksana	\N	\N
3408	1482	300	2	Birin, Michail	2018-04-01 00:00:00+00	Birin, Michail	\N	\N
3409	1480	365	10	Kvasov, Dmitriy	2018-01-01 00:00:00+00	Склад \\ Accounting\\Panfilova	\N	\N
3410	1480	232	4	Nikitin, Petr	2018-01-01 00:00:00+00	Медики (где то в радужном в балке)\\Reception	\N	\N
3415	1480	73	7	Moore, Larry	2018-01-01 00:00:00+00	RMM\\склад(радужный и тагринское)	\N	\N
3416	1482	174	10	Buntin, Denis	2018-01-01 00:00:00+00	10 клав в запас для флотов ГРП	\N	\N
3418	1487	220	7	Nikitin, Petr	2018-04-19 00:00:00+00	Alubaeva, Galina \\ Ovchinnikova, Tatyana \\ Zavorotynskaya, Lyubov \\ Mozgova, Marina \\Novoseltseva, Alena \\Ryzhikh, Valentina \\Belokobylskaya, Natalya	\N	\N
3419	1487	379	2	Nikitin, Petr	2018-06-15 00:00:00+00	Alubaeva, Galina \\ Abdurashidova, Saida	\N	\N
3420	1485	161	2	Sadrlimanov, Almaz	2018-09-01 00:00:00+00	Sharipov, Damir  \\ TESLYUK, ILYA S.	\N	\N
3425	1486	329	8	Zavyalov, Andrey	2018-03-26 00:00:00+00	CTF1	\N	\N
3426	1486	330	4	Zavyalov, Andrey	2018-03-26 00:00:00+00	CTF1	\N	\N
3427	1486	6	2	Titov, Stepan	2018-04-24 00:00:00+00	CTF2	\N	\N
3428	1486	72	2	Kapralov, Aleksander	2018-06-09 00:00:00+00	+++CTF4	\N	\N
3429	1486	216	5	Kazak, Roman	2018-03-26 00:00:00+00	CTF4	\N	\N
3430	1486	217	3	Kazak, Roman	2018-03-05 00:00:00+00	CTF4	\N	\N
3431	1486	218	3	Kazak, Roman	2018-03-26 00:00:00+00	CTF4	\N	\N
3432	1486	219	3	Kazak, Roman	2018-03-26 00:00:00+00	CTF4	\N	\N
3433	1486	73	3	Okolova, Oksana	2018-04-24 00:00:00+00	Админ	\N	\N
3434	1485	216	11	Nikitin, Petr	2018-03-26 00:00:00+00	FF1 - Sharipov, Damir; FF2 -Zakhovayko, Dmitriy	\N	\N
3435	1485	217	6	Nikitin, Petr	2018-03-26 00:00:00+00	FF1 - Sharipov, Damir; FF2 -Zakhovayko, Dmitriy	\N	\N
3436	1485	218	6	Nikitin, Petr	2018-03-26 00:00:00+00	FF1 - Sharipov, Damir; FF2 -Zakhovayko, Dmitriy	\N	\N
3437	1485	219	6	Nikitin, Petr	2018-03-26 00:00:00+00	FF1 - Sharipov, Damir; FF2 -Zakhovayko, Dmitriy	\N	\N
3438	1485	73	3	Tokarev, Aleksandr	2018-04-24 00:00:00+00	FF3	\N	\N
3439	1485	367	1	Tokarev, Aleksandr	2018-03-05 00:00:00+00	FF3	\N	\N
3440	1485	368	1	Tokarev, Aleksandr	2018-03-05 00:00:00+00	FF3	\N	\N
3441	1485	369	1	Tokarev, Aleksandr	2018-03-05 00:00:00+00	FF3	\N	\N
3442	1485	370	1	Tokarev, Aleksandr	2018-03-05 00:00:00+00	FF3	\N	\N
3443	1485	329	11	Koshelev, Anton	2018-03-26 00:00:00+00	FF5	\N	\N
3444	1485	330	2	Koshelev, Anton	2018-03-05 00:00:00+00	FF5	\N	\N
3449	1488	232	2	Rafikov, Rafik	2018-03-26 00:00:00+00	+++Новый Уренгой Офис	\N	\N
3450	1488	266	3	Rafikov, Rafik	2018-03-26 00:00:00+00	ноябрьск Снабжение и ПДС\\Gubachev, Vyacheslav \\ Labuskov, Andrey	\N	\N
3451	1488	73	5	Sarvaeva, Roza	2018-04-24 00:00:00+00	Ноябрьск АБК\\РММ 2 этаж\\Трубники РММ2 этаж\\Радужный координатор	\N	\N
3452	1488	170	2	Gensler, Pavel	2018-03-26 00:00:00+00	+++Ноябрьск Ииженеры	\N	\N
3453	1488	171	1	Gensler, Pavel	2018-03-05 00:00:00+00	Ноябрьск Ииженеры	\N	\N
3454	1488	172	1	Gensler, Pavel	2018-03-26 00:00:00+00	Ноябрьск Ииженеры	\N	\N
3455	1488	173	1	Gensler, Pavel	2018-03-26 00:00:00+00	Ноябрьск Ииженеры	\N	\N
3456	1488	264	3	Gubachev, Vyacheslav	2018-03-26 00:00:00+00	ноябрьск Снабжение и ПДС\\Gubachev, Vyacheslav \\ Labuskov, Andrey	\N	\N
3457	1488	265	3	Gubachev, Vyacheslav	2018-03-26 00:00:00+00	ноябрьск Снабжение и ПДС\\Gubachev, Vyacheslav \\ Labuskov, Andrey	\N	\N
3458	1488	267	3	Rafikov, Rafik	2018-03-26 00:00:00+00	ноябрьск Снабжение и ПДС\\Gubachev, Vyacheslav \\ Labuskov, Andrey	\N	\N
3459	1488	60	4	Pozdnyakov, Yuriy	2018-03-26 00:00:00+00	+++Радужный	\N	\N
3461	1488	68	1	Pozdnyakov, Yuriy	2018-03-26 00:00:00+00	Радужный	\N	\N
3462	1488	69	1	Pozdnyakov, Yuriy	2018-03-26 00:00:00+00	Радужный	\N	\N
3463	1488	70	1	Pozdnyakov, Yuriy	2018-03-26 00:00:00+00	Радужный	\N	\N
3412	1480	534	1	Blinov, Vadim	2018-01-01 00:00:00+00	Blinov, Vadim	\N	\N
3422	1486	534	1	Andreev, Vyacheslav	2018-07-31 00:00:00+00	Инженеры и Босс	\N	\N
3446	1488	534	1	Kalmykov, Aleksey	2018-03-13 00:00:00+00	Kalmykov, Aleksey \\Sorokin, Aleksey	\N	\N
3413	1480	535	1	Blinov, Vadim	2018-01-01 00:00:00+00	Blinov, Vadim	\N	\N
3423	1486	535	1	Andreev, Vyacheslav	2018-07-31 00:00:00+00	Инженеры и Босс	\N	\N
3447	1488	535	1	Kalmykov, Aleksey	2018-03-26 00:00:00+00	Kalmykov, Aleksey \\Sorokin, Aleksey	\N	\N
3414	1480	536	1	Blinov, Vadim	2018-01-01 00:00:00+00	Blinov, Vadim	\N	\N
3424	1486	536	1	Andreev, Vyacheslav	2018-07-31 00:00:00+00	Инженеры и Босс	\N	\N
3468	1489	232	2	Sadrlimanov, Almaz \\ Kharlanov, Dmitriy	2018-07-02 00:00:00+00	Инженеры Уренгой \\Receprion	\N	\N
3469	1489	365	5	Ryzhikh, Valentina	2018-06-27 00:00:00+00	(2 получил) Accounting\\транспорт\\НбрскСнабж\\НбрскСклад\\	\N	\N
3470	1489	353	1	Abdurashidova, Saida	2018-04-23 00:00:00+00	+++HR	\N	\N
3471	1489	354	1	Abdurashidova, Saida	2018-04-23 00:00:00+00	+++HR	\N	\N
3472	1489	355	1	Abdurashidova, Saida	2018-04-23 00:00:00+00	+++HR	\N	\N
3473	1489	356	1	Abdurashidova, Saida	2018-04-23 00:00:00+00	+++HR	\N	\N
3476	1489	381	1	Nikitin, Petr	2018-06-27 00:00:00+00	Ноябрьск АБК Цветной	\N	\N
3477	1489	382	1	Nikitin, Petr	2018-06-27 00:00:00+00	Ноябрьск АБК Цветной	\N	\N
3478	1489	383	1	Nikitin, Petr	2018-06-27 00:00:00+00	Ноябрьск АБК Цветной	\N	\N
3479	1489	384	1	Nikitin, Petr	2018-06-27 00:00:00+00	Ноябрьск АБК Цветной	\N	\N
3480	1489	385	1	Nikitin, Petr	2018-06-27 00:00:00+00	Ноябрьск АБК Цветной	\N	\N
3481	1489	386	1	Nikitin, Petr	2018-06-27 00:00:00+00	Ноябрьск АБК Цветной	\N	\N
3482	1489	387	1	Nikitin, Petr	2018-06-27 00:00:00+00	Ноябрьск АБК Цветной	\N	\N
3483	1489	388	1	Nikitin, Petr	2018-06-27 00:00:00+00	Ноябрьск АБК Цветной	\N	\N
3485	1490	337	2	Buntin, Denis	2018-09-01 00:00:00+00	Buntin, Denis	\N	\N
3487	1492	364	2	Sadrlimanov, Almaz	2018-06-25 00:00:00+00	Shishkina 108 кабинет, Радужный	\N	\N
3488	1492	365	4	Sadrlimanov, Almaz	2018-06-25 00:00:00+00	Shishkina 108 кабинет, Радужный	\N	\N
3489	1491	283	1	Gensler, Pavel	2018-07-05 00:00:00+00	FF5	\N	\N
3494	1493	170	2	Gensler, Pavel	2018-10-01 00:00:00+00	Ноябрьск	\N	\N
3495	1493	172	2	Gensler, Pavel	2018-10-01 00:00:00+00	Ноябрьск	\N	\N
3496	1493	171	2	Gensler, Pavel	2018-10-01 00:00:00+00	Ноябрьск	\N	\N
3497	1493	173	2	Gensler, Pavel	2018-10-01 00:00:00+00	Ноябрьск	\N	\N
3498	1493	264	3	Lyzlov, Egor	2018-10-01 00:00:00+00	209 Уренгой	\N	\N
3499	1493	265	3	Lyzlov, Egor	2018-10-01 00:00:00+00	209 Уренгой	\N	\N
3500	1493	267	3	Lyzlov, Egor	2018-10-01 00:00:00+00	209 Уренгой	\N	\N
3501	1493	266	3	Lyzlov, Egor	2018-10-01 00:00:00+00	209 Уренгой	\N	\N
3502	1493	73	5	Sadrlimanov, Almaz	2018-10-01 00:00:00+00	FF3	\N	\N
3503	1493	232	2	Sadrlimanov, Almaz	2018-09-04 00:00:00+00	206 Уренгой	\N	\N
3504	1493	60	4	Sadrlimanov, Almaz	2018-09-04 00:00:00+00	FF2+++	\N	\N
3505	1494	72	2	Nikitin, Petr	2018-08-02 00:00:00+00	+++CTF4	\N	\N
3506	1494	6	2	Nikitin, Petr	2018-08-02 00:00:00+00	+++CTF2	\N	\N
3508	1494	329	8	Zavyalov, Andrey	2018-09-04 00:00:00+00	CTF1	\N	\N
3509	1494	330	4	Zavyalov, Andrey	2018-09-04 00:00:00+00	CTF1	\N	\N
3510	1494	216	5	Kazak, Roman	2018-09-03 00:00:00+00	CTF4	\N	\N
3511	1494	217	3	Kazak, Roman	2018-09-03 00:00:00+00	CTF4	\N	\N
3512	1494	218	3	Kazak, Roman	2018-09-03 00:00:00+00	CTF4	\N	\N
3513	1494	219	3	Kazak, Roman	2018-09-03 00:00:00+00	CTF4	\N	\N
3514	1494	73	3	Starikov, Pavel	2018-08-09 00:00:00+00	+++Уренгой Инженеры и Босс	\N	\N
3515	1495	347	1	Birin, Michail	2018-09-24 00:00:00+00	В запас флотов ГРП	\N	\N
3516	1495	242	6	Birin, Michail	2018-07-26 00:00:00+00	В новые компьютеры флотов	\N	\N
3517	1494	337	1	Sharipov, Rafis	2018-10-01 00:00:00+00	Андрееву Славе в Уренгой	\N	\N
3518	1494	390	1	Sharipov, Rafis	2018-08-02 00:00:00+00	Sharipov, Rafis	\N	\N
3522	1497	264	4	Brendin, Mikhail	2019-01-24 00:00:00+00	НУр инженеры,	\N	\N
3523	1497	265	3	Brendin, Mikhail	2019-01-24 00:00:00+00	НУр инженеры,	\N	\N
3524	1497	266	3	Brendin, Mikhail	2019-01-24 00:00:00+00	НУр инженеры,	\N	\N
3525	1497	267	3	Brendin, Mikhail	2019-01-24 00:00:00+00	НУр инженеры,	\N	\N
3528	1497	170	3	Gensler, Pavel	2019-01-24 00:00:00+00	Ноябрьск Инженеры	\N	\N
3530	1499	207	2	Sadrlimanov, Almaz	2018-11-30 00:00:00+00	срочно в FF2 и FF3, и в запас в ноябрьск	\N	\N
3531	1498	329	4	Ageev, Evgeniy	2018-10-08 00:00:00+00	FF5	\N	\N
3532	1498	330	2	Ageev, Evgeniy	2018-10-08 00:00:00+00	FF5	\N	\N
3533	1498	392	4	Nikitin, Petr	2018-11-16 00:00:00+00	во все флоты	\N	\N
3535	1498	394	4	Nikitin, Petr	2018-11-16 00:00:00+00	во все флоты	\N	\N
3536	1498	395	4	Nikitin, Petr	2018-11-16 00:00:00+00	во все флоты	\N	\N
3537	1498	396	4	Nikitin, Petr	2018-11-16 00:00:00+00	во все флоты	\N	\N
3539	1500	391	1	Korneev, Maksim	2018-11-23 00:00:00+00	FF1	\N	\N
3540	1501	72	2	Nikitin, Petr	2018-11-15 00:00:00+00	+++CTF4	\N	\N
3541	1501	6	2	Nikitin, Petr	2018-11-15 00:00:00+00	+++CTF2	\N	\N
3484	1489	389	2	Nikitin, Petr	2018-06-21 00:00:00+00	ноябрьск. АБК1 этаж	16000	\N
3474	1489	328	1	Grinevich, Evgeniy	2018-06-15 00:00:00+00	+++Grinevich, Evgeniy	5000	\N
3526	1500	299	1	Korneev, Maksim	2018-11-23 00:00:00+00	FF1	5000	\N
3490	1493	533	2	Lyzlov, Egor	2018-10-01 00:00:00+00	Радужный	\N	\N
3465	1489	534	1	Nikitin, Petr	2018-04-01 00:00:00+00	Месояха	\N	\N
3491	1493	534	1	Lyzlov, Egor	2018-09-04 00:00:00+00	Радужный	\N	\N
3519	1494	534	1	Starikov, Pavel	2018-10-01 00:00:00+00	Уренгой Инженеры и Босс	\N	\N
3466	1489	535	1	Nikitin, Petr	2018-04-23 00:00:00+00	+++Месояха	\N	\N
3492	1493	535	1	Lyzlov, Egor	2018-09-04 00:00:00+00	Радужный	\N	\N
3520	1494	535	1	Starikov, Pavel	2018-10-01 00:00:00+00	Уренгой Инженеры и Босс	\N	\N
3467	1489	536	1	Nikitin, Petr	2018-07-02 00:00:00+00	Месояха	\N	\N
3493	1493	536	1	Lyzlov, Egor	2018-09-04 00:00:00+00	Радужный	\N	\N
3521	1494	536	1	Starikov, Pavel	2018-10-01 00:00:00+00	Уренгой Инженеры и Босс	\N	\N
3543	1501	329	8	Zavyalov, Andrey	2018-11-16 00:00:00+00	CTF1	\N	\N
3544	1501	330	4	Zavyalov, Andrey	2018-11-16 00:00:00+00	CTF1	\N	\N
3545	1501	216	15	Kazak, Roman	2018-11-16 00:00:00+00	CTF3\\4	\N	\N
3546	1501	217	6	Kazak, Roman	2018-11-16 00:00:00+00	CTF3\\4	\N	\N
3547	1501	218	6	Kazak, Roman	2018-11-16 00:00:00+00	CTF3\\4	\N	\N
3548	1501	219	6	Kazak, Roman	2018-11-16 00:00:00+00	CTF3\\4	\N	\N
3549	1501	73	6	Starikov, Pavel	2018-11-15 00:00:00+00	+++Уренгой Инженеры и Босс	\N	\N
3550	1502	337	2	Sharipov, Rafis	2019-01-24 00:00:00+00	Андрееву Славе в Уренгой и Шарипову в Тюмень	\N	\N
3556	1502	400	1	Sharipov, Rafis	2019-03-14 00:00:00+00	Zavyalov, Andrey - отдал Садрлиманову	\N	\N
3560	1497	171	1	Gensler, Pavel	2019-01-24 00:00:00+00	Ноябрьск Инженеры	\N	\N
3561	1497	173	1	Gensler, Pavel	2019-01-24 00:00:00+00	Ноябрьск Инженеры	\N	\N
3562	1497	172	1	Gensler, Pavel	2019-01-24 00:00:00+00	Ноябрьск Инженеры	\N	\N
3564	1503	400	1	Fedorov, Georgy	2019-03-14 00:00:00+00	Brendin, Mikhail - отдал Бунтну	\N	\N
3565	1504	365	10	Nikitin, Petr	2019-03-14 00:00:00+00	Абдурашидова, Склад, Снабжение, Офис ГРП	\N	\N
3567	1504	401	2	Fedorovich, Valery	2019-02-24 00:00:00+00	DRT Fedorovich, Valery	\N	\N
3568	1504	405	1	Fedorovich, Valery	2019-02-24 00:00:00+00	DRT Fedorovich, Valery	\N	\N
3569	1504	406	1	Fedorovich, Valery	2019-02-24 00:00:00+00	DRT Fedorovich, Valery	\N	\N
3570	1504	407	1	Fedorovich, Valery	2019-02-24 00:00:00+00	DRT Fedorovich, Valery	\N	\N
3571	1503	12	10	Sadrlimanov, Almaz	2018-12-24 00:00:00+00	Диски, На замену вышедшим из строя	\N	\N
3572	1504	373	1	Mokrygina, Oksana	2019-03-14 00:00:00+00	Диспетчерская Уренгой	\N	\N
3573	1504	5	2	DRT Scherbakov, Maksim	2019-03-14 00:00:00+00	DRT Scherbakov, Maksim	\N	\N
3574	1504	415	10	Aseeva, Yulya	2018-12-01 00:00:00+00	Aseeva, Yulya	\N	\N
3575	1504	409	1	Starshov, Dmitriy	2019-02-24 00:00:00+00	Starshov, Dmitriy	\N	\N
3576	1504	410	1	Starshov, Dmitriy	2019-02-24 00:00:00+00	Starshov, Dmitriy	\N	\N
3577	1504	411	1	Starshov, Dmitriy	2019-02-24 00:00:00+00	Starshov, Dmitriy	\N	\N
3578	1504	412	1	Starshov, Dmitriy	2019-02-24 00:00:00+00	Starshov, Dmitriy	\N	\N
3580	1505	416	1	Kvasov, Dmitriy	2019-01-24 00:00:00+00	Склад	\N	\N
3583	1503	332	2	Nikitin, Petr	2019-03-14 00:00:00+00	Зарядки для ноутбуков 6430 На замену вышедшим из строя	\N	\N
3591	1507	73	4	Khasanov, Ilmir	2019-05-17 00:00:00+00	+++Уренгой Инженеры и Босс	\N	\N
3595	1507	365	4	Khabibullin, Ildar	2019-05-17 00:00:00+00	+++ГНКТ инженеры Новый Уренгой	\N	\N
3596	1508	63	1	Deryushev, Andrey	2019-05-17 00:00:00+00	ГНКТ Romakhin, Aleksandr (WFNF-REQ-17012) СD-R диски для Арктикгаза.	\N	\N
3597	1508	174	10	Nikitin, Petr	2019-08-02 00:00:00+00	в офис и для станций управления.	\N	\N
3598	1508	435	1	Starshov, Dmitriy	2019-07-01 00:00:00+00	Ноябрьск 2 этаж	\N	\N
3603	1508	440	1	Nikitin, Petr	2019-08-02 00:00:00+00	Запчасть для принтера на складе Ноябрьск	\N	\N
3715	1526	435	1	Shalina, Nadezhda	2019-08-30 00:00:00+00	DRT	\N	\N
3585	1507	329	8	Zavyalov, Andrey	2019-08-02 00:00:00+00	CTF1	\N	\N
3599	1508	436	2	Starshov, Dmitriy	2019-08-02 00:00:00+00	Ноябрьск 2 этаж	\N	\N
3600	1508	437	1	Starshov, Dmitriy	2019-08-02 00:00:00+00	Ноябрьск 2 этаж	\N	\N
3601	1508	438	1	Starshov, Dmitriy	2019-08-02 00:00:00+00	Ноябрьск 2 этаж	\N	\N
3563	1500	185	3	Nikitin, Petr	2019-04-04 00:00:00+00	Nikitin, Petr - определиться по почте кому выдать.	6000	\N
3579	1503	185	2	Nikitin, Petr	2019-03-14 00:00:00+00	Батарейки для ноутбуков 6430 На замену вышедшим из строя	6000	\N
3566	1504	380	2	Fedorovich, Valery DRT	2019-03-14 00:00:00+00	DRT Fedorovich, Valery	15000	\N
3604	1508	328	10	Buntin, Denis	2019-07-25 00:00:00+00	(два диска для РММ Костылев) Алубаева, Абдурашидова. Касаткин Д. Федоров Г. Налимов И. БакировР.(Kolos\\Voloshin),Ibragimov Ildar, Vitaliy Selyametov,Shelashskiy, Vasiliy, Белов П.Мокрыгина о. Гафарова З.Запас ноябрьск, Запас ноябрьск(на замену вышедшим из строя)	5000	\N
3581	1505	417	1	Kvasov, Dmitriy	2019-02-25 00:00:00+00	картридж для принтера этикеток на склад Ноябрьск	1300	\N
3584	1507	533	2	Khasanov, Ilmir	2019-05-17 00:00:00+00	Уренгой Инженеры и Босс	\N	\N
3551	1501	534	1	Starikov, Pavel	2018-11-16 00:00:00+00	Уренгой Инженеры и Босс	\N	\N
3557	1497	534	1	Shtanov, Aleksey	2019-01-24 00:00:00+00	FF1- мессояха	\N	\N
3592	1507	534	1	Khasanov, Ilmir	2019-05-17 00:00:00+00	Уренгой Инженеры и Босс	\N	\N
3552	1501	535	1	Starikov, Pavel	2018-11-16 00:00:00+00	Уренгой Инженеры и Босс	\N	\N
3558	1497	535	1	Shtanov, Aleksey	2019-01-24 00:00:00+00	FF1- мессояха	\N	\N
3593	1507	535	1	Khasanov, Ilmir	2019-05-17 00:00:00+00	Уренгой Инженеры и Босс	\N	\N
3553	1501	536	1	Starikov, Pavel	2018-11-16 00:00:00+00	Уренгой Инженеры и Босс	\N	\N
3559	1497	536	1	Shtanov, Aleksey	2019-01-24 00:00:00+00	FF1- мессояха	\N	\N
3594	1507	536	1	Khasanov, Ilmir	2019-05-17 00:00:00+00	Уренгой Инженеры и Босс	\N	\N
3582	1505	418	1	Kvasov, Dmitriy	2019-02-25 00:00:00+00	для принтера этикеток на склад ноябрьск	1300	https://spb.kkm.ru/shop/58mm_60mm_termoetiketki-1580/60674/
3613	1510	329	4	Nikitin, Petr	2019-08-13 00:00:00+00	FF4	\N	\N
3614	1510	330	2	Nikitin, Petr	2019-08-13 00:00:00+00	FF4	\N	\N
3616	1510	394	20	Nikitin, Petr	2019-05-17 00:00:00+00	FF1 FF2 FF3 FF5	\N	\N
3617	1510	395	20	Nikitin, Petr	2019-05-17 00:00:00+00	FF1 FF2 FF3 FF5	\N	\N
3618	1510	396	20	Nikitin, Petr	2019-05-17 00:00:00+00	FF1 FF2 FF3 FF5	\N	\N
3619	1510	60	2	Nikitin, Petr	2019-08-02 00:00:00+00	FF4	\N	\N
3620	1511	283	3	Rafikov, Rafik	2019-05-17 00:00:00+00	Арктикгаз. Ваон координатора, Вагон инженера и офис. https://spb-repiter.ru/magazin-2/product/repiter-baltic-signal-bs-gsm-3g-4g-65	\N	\N
3626	1509	170	3	Nikitin, Petr	2019-05-19 00:00:00+00	ГРП АБК Ноябрьск \\ Уренгой	\N	\N
3627	1509	171	1	Nikitin, Petr	2019-05-19 00:00:00+00	ГРП АБК Ноябрьск \\ Уренгой	\N	\N
3628	1509	173	1	Nikitin, Petr	2019-05-19 00:00:00+00	ГРП АБК Ноябрьск \\ Уренгой	\N	\N
3629	1509	172	1	Nikitin, Petr	2019-05-19 00:00:00+00	ГРП АБК Ноябрьск \\ Уренгой	\N	\N
3630	1509	264	2	Nikitin, Petr	2019-05-19 00:00:00+00	ГРП РММ Ноябрьск\\ АБК Уренгой	\N	\N
3631	1509	265	1	Nikitin, Petr	2019-04-23 00:00:00+00	+ГРП РММ Ноябрьск\\ АБК Уренгой	\N	\N
3632	1509	267	1	Nikitin, Petr	2019-04-23 00:00:00+00	+ГРП РММ Ноябрьск\\ АБК Уренгой	\N	\N
3633	1509	266	1	Nikitin, Petr	2019-04-23 00:00:00+00	+ГРП РММ Ноябрьск\\ АБК Уренгой	\N	\N
3634	1509	435	1	Nikitin, Petr	2019-07-01 00:00:00+00	ГРП Инженеры замена принтера вышедшего из строя	\N	\N
3635	1509	437	1	Nikitin, Petr	2019-04-23 00:00:00+00	+ГРП Инженеры замена принтера вышедшего из строя	\N	\N
3636	1509	438	1	Nikitin, Petr	2019-05-19 00:00:00+00	ГРП Инженеры замена принтера вышедшего из строя	\N	\N
3637	1509	436	1	Nikitin, Petr	2019-05-19 00:00:00+00	ГРП Инженеры замена принтера вышедшего из строя	\N	\N
3638	1509	439	1	Nikitin, Petr	2019-05-19 00:00:00+00	ГРП Инженеры замена принтера вышедшего из строя	\N	\N
3642	1513	436	2	Fomin, Mikhail	2019-07-10 00:00:00+00	ГРП Инженеры замена принтера вышедшего из строя в ноябрьске	\N	\N
3643	1513	437	1	Fomin, Mikhail	2019-07-10 00:00:00+00	ГРП Инженеры замена принтера вышедшего из строя в ноябрьске	\N	\N
3644	1513	439	1	Fomin, Mikhail	2019-07-10 00:00:00+00	ГРП Инженеры замена принтера вышедшего из строя в ноябрьске	\N	\N
3645	1513	438	1	Fomin, Mikhail	2019-07-10 00:00:00+00	ГРП Инженеры замена принтера вышедшего из строя в ноябрьске	\N	\N
3647	1506	446	4	Kostylev, Aleksandr	2019-05-17 00:00:00+00	(получил 1) Флоты ГРП	\N	\N
3648	1511	446	4	Kostylev, Aleksandr	2019-06-24 00:00:00+00	+++Флоты ГРП	\N	\N
3649	1511	435	1	Nalimov, Ivan	2019-07-01 00:00:00+00	ГРП Инженеры замена принтера вышедшего из строя в ноябрьске	\N	\N
3650	1511	447	2	Sadrlimanov, Almaz	\N	HP UltraSlim 2013Докстанция для новых компов (Садрлиманов\\Харланов), (Бунтин\\Колыбин)	\N	\N
3651	1511	448	2	Sadrlimanov, Almaz	\N	HP 3005pr Докстанция для новых компов (Трофимова/Брендина) (Токарев)	\N	\N
3652	1511	443	10	Nikitin, Petr	2019-04-23 00:00:00+00	+++HDMI - HDMI для новых докстанций	\N	\N
3653	1514	283	1	Moore, Larry	2019-05-17 00:00:00+00	ГРП TMV Refurb капитальный ремонт оборудования ГРП	\N	\N
3654	1514	163	1	Moore, Larry	2019-07-10 00:00:00+00	ГРП TMV Refurb капитальный ремонт оборудования ГРП	\N	\N
3656	1512	443	5	Zavyalov, Andrey	2019-07-04 00:00:00+00	БПО г Н-Уренгой: Хасанову И.Р., Завьялову А.В., Дерюшеву А.В., Хабибуллину И.Ш.	\N	\N
3657	1517	73	10	Nikitin, Petr	2019-08-30 00:00:00+00	Gafarova, Akylbekova, Makarov	\N	\N
3658	1517	364	2	Kvasov, Dmitriy	2019-08-14 00:00:00+00	(Аннин и Артикгаз)WFNF-REQ-17339 принтер для слкада новый уренгой и принтер для склада на арктикгаз	\N	\N
3716	1526	437	1	Shalina, Nadezhda	2019-08-30 00:00:00+00	DRT	\N	\N
3659	1517	365	4	Kvasov, Dmitriy	2019-08-30 00:00:00+00	WFNF-REQ-17339 принтер для слкада новый уренгой и принтер для склада на арктикгаз	\N	\N
3621	1511	242	6	Kostylev, Aleksandr	2019-04-23 00:00:00+00	обновление оборудования в станциях управления	\N	\N
3639	1511	161	1	Rudnev, Sergey	2019-04-23 00:00:00+00	(Rudnev, Sergey) - Электроны 1 флота Н-Уренгой, ГРП-1 Аккумуляторная батарея для ноутбука DELL Latitude E6410, PT434/W1193	\N	\N
3655	1514	160	1	Moore, Larry	2019-07-10 00:00:00+00	ГРП TMV Refurb капитальный ремонт оборудования ГРП	\N	\N
3622	1509	533	3	Nikitin, Petr	2019-05-19 00:00:00+00	ГРП АБК Радужный	\N	\N
3640	1512	261	5	Zavyalov, Andrey	2019-07-10 00:00:00+00	БПО г Н-Уренгой: Хасанову И.Р., Завьялову А.В., Дерюшеву А.В., Хабибуллину И.Ш.  (получил 5 мониотров самсунг отдал их в ГРП) что это значит?	\N	\N
3641	1513	444	3	Rudnev, Sergey	2019-07-10 00:00:00+00	1 шт - Руднев,\n2 шт - Красноборов	13950	\N
3646	1513	445	3	Nalimov, Ivan	2021-01-31 00:00:00+00	(Nalimov, Ivan) - переходник гарнитуры для телефонов CISCO (наушники). Пользователи: Налимов И/Фомин М и Генслер П/Киселев В	\N	\N
3623	1509	534	1	Nikitin, Petr	2019-04-23 00:00:00+00	+ГРП АБК Радужный	\N	\N
3624	1509	535	1	Nikitin, Petr	2019-04-23 00:00:00+00	+ГРП АБК Радужный	\N	\N
3625	1509	536	1	Nikitin, Petr	2019-04-23 00:00:00+00	+ГРП АБК Радужный	\N	\N
3661	1517	180	5	Nikitin, Petr	2019-08-13 00:00:00+00	Оперативная память для ускорения работы компьютеров	\N	\N
3615	1510	393	15	Nikitin, Petr	2019-05-17 00:00:00+00	CTFs FFs	\N	\N
3662	1517	78	5	Nikitin, Petr	2019-08-13 00:00:00+00	Оперативная память для ускорения работы компьютеров	\N	\N
3663	1517	449	2	Dorosh, Andrey	2019-08-14 00:00:00+00	(Аннин, Логвинеко)UPS для стационарных компов склада Уренгой Dorosh, Andrey и Logvinenko Konstantin	\N	\N
3667	1515	365	2	Deryushev, Andrey	2019-08-30 00:00:00+00	Чернобелый принтер инженеры ГНКТ	\N	\N
3672	1515	392	2	Deryushev, Andrey	2019-08-13 00:00:00+00	CTF1 и CTF2	\N	\N
3674	1515	180	3	Nikitin, Petr	2019-12-27 00:00:00+00	Оперативная память для ускорения работы компьютеров ГНКТ	\N	\N
3675	1515	329	4	Nikitin, Petr	2019-08-30 00:00:00+00	для 1 флота ГНКТ	\N	\N
3676	1515	330	4	Nikitin, Petr	2019-08-30 00:00:00+00	для 1 флота ГНКТ	\N	\N
3677	1518	347	4	Kosarev, Aleksandr	2019-07-19 00:00:00+00	для новой станции управления	\N	\N
3679	1515	394	4	Deryushev, Andrey	2019-08-30 00:00:00+00	CTF1 и CTF2	\N	\N
3680	1515	395	4	Deryushev, Andrey	2019-08-30 00:00:00+00	CTF1 и CTF2	\N	\N
3681	1515	396	4	Deryushev, Andrey	2019-08-30 00:00:00+00	CTF1 и CTF2	\N	\N
3683	1519	364	2	Maksimov, Konstantin	2019-08-14 00:00:00+00	Максимов К.В. Ноябрьск и Юрку А.Ф./Гордеев А.Н. новый уренгой	\N	\N
3685	1519	78	5	Nikitin, Petr	2019-12-31 00:00:00+00	Оператива для улучшения работы компьютеров инженеров ГРП	\N	\N
3686	1520	329	4	Nikitin, Petr	2019-08-30 00:00:00+00	(20 получл!)на шапшу Координатор Шапша	\N	\N
3687	1520	330	4	Nikitin, Petr	2019-08-30 00:00:00+00	(20 получл!)на шапшу Координатор Шапша	\N	\N
3689	1520	394	20	Nikitin, Petr	2019-08-30 00:00:00+00	для FF1 FF2 FF3 FF5	\N	\N
3690	1520	395	20	Nikitin, Petr	2019-08-30 00:00:00+00	для FF1 FF2 FF3 FF5	\N	\N
3691	1520	396	20	Nikitin, Petr	2019-08-30 00:00:00+00	(4 получил)для FF1 FF2 FF3 FF5	\N	\N
3693	1516	170	2	Nalimov, Ivan	2019-08-30 00:00:00+00	Цветной принтер в ноябрьске и уренгое	\N	\N
3694	1516	171	2	Nalimov, Ivan	2019-08-30 00:00:00+00	Цветной принтер в ноябрьске и уренгое	\N	\N
3695	1516	172	2	Nalimov, Ivan	2019-08-30 00:00:00+00	Цветной принтер в ноябрьске и уренгое	\N	\N
3696	1516	264	2	Nalimov, Ivan	2019-08-30 00:00:00+00	Цветной принтер на Арктикгазе	\N	\N
3697	1516	265	2	Nalimov, Ivan	2019-08-30 00:00:00+00	Цветной принтер на Арктикгазе	\N	\N
3698	1516	267	2	Nalimov, Ivan	2019-08-30 00:00:00+00	Цветной принтер на Арктикгазе	\N	\N
3699	1516	266	2	Nalimov, Ivan	2019-08-30 00:00:00+00	Цветной принтер на Арктикгазе	\N	\N
3700	1516	173	2	Nalimov, Ivan	2019-08-30 00:00:00+00	Цветной принтер в ноябрьске и уренгое	\N	\N
3705	1519	180	5	Nikitin, Petr	2019-08-13 00:00:00+00	Оператива для улучшения работы компьютеров инженеров ГРП	\N	\N
3706	1519	451	4	Nalimov, Ivan	2019-09-21 00:00:00+00	SSD диски для новых компьютеров Киселев , Красноборов, Токарев, Fomin	\N	\N
3708	1521	452	500	Kostylev, Aleksandr	2019-12-16 00:00:00+00	Станция 6 флот	\N	\N
3709	1521	453	600	Kostylev, Aleksandr	2019-12-16 00:00:00+00	Станция 6 флот	\N	\N
3710	1521	174	3	Kostylev, Aleksandr	2019-12-16 00:00:00+00	Станция 6 флот	\N	\N
3711	1524	435	1	Kvasov, Dmitriy	2019-09-24 00:00:00+00	Диспетчер Радужный	\N	\N
3712	1524	437	1	Kvasov, Dmitriy	2019-09-24 00:00:00+00	Диспетчер Радужный	\N	\N
3713	1524	438	1	Kvasov, Dmitriy	2019-09-24 00:00:00+00	Диспетчер Радужный	\N	\N
3714	1525	392	1	Starshov, Dmitriy	2019-11-06 00:00:00+00	Starshov, Dmitriy	\N	\N
3717	1526	436	1	Shalina, Nadezhda	2019-08-30 00:00:00+00	DRT	\N	\N
3718	1526	439	1	Shalina, Nadezhda	2019-08-30 00:00:00+00	DRT	\N	\N
3719	1526	438	1	Shalina, Nadezhda	2019-08-30 00:00:00+00	DRT	\N	\N
3720	1524	436	1	Kvasov, Dmitriy	2019-09-24 00:00:00+00	Диспетчер Радужный	\N	\N
3668	1515	533	2	Deryushev, Andrey	2019-08-13 00:00:00+00	Цветной принтер инженеры ГНКТ	\N	\N
3692	1519	185	2	Nikitin, Petr	2019-09-21 00:00:00+00	(одну поставил Абдурашидовой)Belogurov, Andrey и Gubaydullin, Rustam	6000	\N
3701	1516	533	2	Nikitin, Petr	2019-08-30 00:00:00+00	цветной принтер в уренгое ПДС	\N	\N
3673	1515	328	10	Nikitin, Petr	2019-08-14 00:00:00+00	SSD диски для ускорения работы компьютеров ГНКТ	5000	\N
3665	1517	417	10	Akhmetyanov, Vildan	2019-09-01 00:00:00+00	картридж для принтера этикеток на склад Ноябрьск	1300	\N
3707	1522	444	2	Kvasov, Dmitriy	2019-09-21 00:00:00+00	1 шт. -  Бабкина Павла\n1 шт. - Салтыкова Феликса\nпривозили точно,  передал в Вартовск лично.	13950	\N
3664	1517	444	1	Akhmetyanov, Vildan	2019-08-14 00:00:00+00	1 шт - Cиренко Татьяна. WFNF-REQ-17339	13950	\N
3669	1515	534	1	Deryushev, Andrey	2019-08-30 00:00:00+00	Цветной принтер инженеры ГНКТ	\N	\N
3702	1516	534	2	Nikitin, Petr	2019-08-30 00:00:00+00	цветной принтер в уренгое ПДС	\N	\N
3670	1515	535	1	Deryushev, Andrey	2019-08-30 00:00:00+00	Цветной принтер инженеры ГНКТ	\N	\N
3703	1516	535	2	Nikitin, Petr	2019-08-30 00:00:00+00	цветной принтер в уренгое ПДС	\N	\N
3671	1515	536	1	Deryushev, Andrey	2019-08-30 00:00:00+00	Цветной принтер инженеры ГНКТ	\N	\N
3704	1516	536	2	Nikitin, Petr	2019-08-30 00:00:00+00	цветной принтер в уренгое ПДС	\N	\N
3721	1524	439	1	Kvasov, Dmitriy	2019-09-24 00:00:00+00	Диспетчер Радужный	\N	\N
3728	1530	365	20	Nikitin, Petr	2019-12-23 00:00:00+00	Склад, Снабжение.	\N	\N
3734	1533	271	1	Nikitin, Petr	2020-04-21 00:00:00+00	для организации доступа в интернет в новом двухэтажном здании	\N	\N
3735	1533	242	3	Nikitin, Petr	2020-04-21 00:00:00+00	для обновления ноутбуков dell6430	\N	\N
3736	1533	213	1	Nikitin, Petr	2020-04-21 00:00:00+00	Адаптер дял HDD/SSD 2.5. для удаленной работы с жесткими дисками на локации Радужный	\N	\N
3737	1533	125	1	Nikitin, Petr	2020-04-21 00:00:00+00	Русские буквы для клавиатуры на сканере 8500 у Оксаны Скрипник	\N	\N
3738	1533	378	1	Nikitin, Petr	2020-04-21 00:00:00+00	для подключения мониторов к докстанциям HP	\N	\N
3739	1533	213	1	Nikitin, Petr	2020-04-21 00:00:00+00	для удаленной работы с жесткими дисками на локации Радужный	\N	\N
3740	1533	160	1	Nikitin, Petr	2020-04-21 00:00:00+00	для организации доступа в интернет на подбазе Арктикгаз	\N	\N
3741	1534	524	4	Yakshibaev, Timur	2020-06-30 00:00:00+00	FF4	\N	\N
3742	1535	337	1	Zavyalov, Andrey	2020-07-03 00:00:00+00	Zavyalov, Andrey https://www.citilink.ru/catalog/car_electronics/cars_bluetooth/1109822/	\N	\N
3743	1535	588	1	Deryushev, Andrey	2020-05-20 00:00:00+00	Уренгой ГНКТ печать схемы скважин и устьевых обвязок	\N	\N
3748	1534	436	1	Tokarev, Aleksandr	2020-07-21 00:00:00+00	Инженеры Уренгой	\N	\N
3749	1534	437	1	Tokarev, Aleksandr	2020-07-21 00:00:00+00	Инженеры Уренгой	\N	\N
3750	1534	438	1	Tokarev, Aleksandr	2020-07-21 00:00:00+00	Инженеры Уренгой	\N	\N
3751	1534	439	1	Tokarev, Aleksandr	2020-07-21 00:00:00+00	Инженеры Уренгой	\N	\N
3752	1534	365	4	Annin, Ivan	2020-06-30 00:00:00+00	Склад Уренгой	\N	\N
3753	1534	534	1	ABK Начальник участка ГРП	2020-06-30 00:00:00+00	ABK Начальник участка ГРП	\N	\N
3754	1534	535	1	ABK Начальник участка ГРП	2020-06-30 00:00:00+00	ABK Начальник участка ГРП	\N	\N
3755	1534	536	1	ABK Начальник участка ГРП	2020-06-30 00:00:00+00	ABK Начальник участка ГРП	\N	\N
3756	1534	523	2	ABK администратор ГРП	2020-06-30 00:00:00+00	ABK администратор ГРП	\N	\N
3757	1534	264	2	RMM Kuznecov Gaskarov	2020-06-30 00:00:00+00	RMM Kuznecov Gaskarov \\ Подбаза Арктикгаз ГРП	\N	\N
3758	1534	265	2	RMM Kuznecov Gaskarov	2020-06-30 00:00:00+00	RMM Kuznecov Gaskarov \\ Подбаза Арктикгаз ГРП	\N	\N
3759	1534	266	2	RMM Kuznecov Gaskarov	2020-06-30 00:00:00+00	RMM Kuznecov Gaskarov \\ Подбаза Арктикгаз ГРП	\N	\N
3760	1534	267	2	RMM Kuznecov Gaskarov	2020-06-30 00:00:00+00	RMM Kuznecov Gaskarov \\ Подбаза Арктикгаз ГРП	\N	\N
3761	1534	522	4	Трубники Ломунов \\Бандыло	2020-06-30 00:00:00+00	Трубники Ломунов \\Бандыло	\N	\N
3762	1534	533	2	ABK Начальник участка ГРП	2020-06-30 00:00:00+00	ABK Начальник участка ГРП	\N	\N
3765	1530	261	3	Nikitin, Petr	2019-12-23 00:00:00+00	Моноблоки HP (38466,67р)	\N	\N
3766	1537	392	3	Nikitin, Petr	2020-07-03 00:00:00+00	принтеры FF1 и FF4 и РММ Арктикгаз WFNF-REQ-18373	\N	\N
3775	1537	174	1	Gaskarov, Azat	2020-07-21 00:00:00+00	РММ Арктикгаз WFNF-REQ-18373	\N	\N
3780	1539	436	1	Fedorovich, Valery	2020-07-21 00:00:00+00	DRT. Fedorovich, Valery	\N	\N
3781	1539	437	1	Fedorovich, Valery	2020-07-21 00:00:00+00	DRT. Fedorovich, Valery	\N	\N
3782	1539	438	1	Fedorovich, Valery	2020-07-21 00:00:00+00	DRT. Fedorovich, Valery	\N	\N
3783	1539	439	1	Fedorovich, Valery	2020-07-21 00:00:00+00	DRT. Fedorovich, Valery	\N	\N
3767	1537	393	10	Nikitin, Petr	2020-07-21 00:00:00+00	CTFs FFs WFNF-REQ-18373	\N	\N
3791	1536	337	1	Gubachev, Vyacheslav	2020-06-30 00:00:00+00	Gubachev, Vyacheslav	\N	\N
3792	1536	533	1	Gubachev, Vyacheslav	2020-06-30 00:00:00+00	Gubachev, Vyacheslav	\N	\N
3793	1536	534	1	Gubachev, Vyacheslav	2020-06-30 00:00:00+00	Gubachev, Vyacheslav	\N	\N
3778	1538	299	1	Ryzaev, Oleg	2020-07-21 00:00:00+00	РизаевОлег. для QHSSE отдела	5000	\N
3770	1538	450	2	Nikitin, Petr	2020-07-21 00:00:00+00	для ремонта ноутбуков DELL 5480	8000	\N
3763	1534	185	7	Nikitin, Petr	2021-04-07 00:00:00+00	Замена модели на DELL 5480. получил 3 шт . Жду от Мити решения можм ли получить ещё 4 шт	6000	\N
3769	1538	418	15	Akhmetyanov, Vildan	2020-07-21 00:00:00+00	для принтера этикеток на склад ноябрьск	1300	https://spb.kkm.ru/shop/58mm_60mm_termoetiketki-1580/60674/
3776	1537	444	2	Gaskarov, Azat	2020-12-17 00:00:00+00	РММ Арктикгаз WFNF-REQ-18373 (уточнить кому , должно быть двум людям по монитору)	13950	\N
3772	1538	608	3	Nikitin, Petr	2020-12-17 00:00:00+00	Получил DELL 6220 - 2 шт и Dell 5470 - 1 штуку	6000	\N
3773	1538	380	3	Nikitin, Petr	2020-06-30 00:00:00+00	Ноябьск\\УренгойQHSSE	15000	\N
3774	1538	389	3	Nikitin, Petr	2020-06-30 00:00:00+00	Ноябьск офисный принтер	16000	\N
3733	1532	328	10	Deryushev, Andrey	2020-05-30 00:00:00+00	ГНКТ IT SSD диски для инженеров	5000	\N
3777	1538	328	1	Ryzaev, Oleg	2020-07-21 00:00:00+00	РизаевОлег. для QHSSE отдела(Салават)	5000	\N
3727	1530	417	10	Nikitin, Petr	2019-12-23 00:00:00+00	картридж для принтера этикеток на склад Ноябрьск	1300	\N
3768	1538	417	15	Akhmetyanov, Vildan	2020-07-21 00:00:00+00	картридж для принтера этикеток на склад Ноябрьск	1300	\N
3771	1538	185	4	Nikitin, Petr	2021-06-05 00:00:00+00	для ремонта ноутбуков DELL 6430	6000	\N
3779	1538	444	4	Ryzaev, Oleg	2020-07-21 00:00:00+00	2шт-Надежде Яковчук\n2шт-РизаевОлег	13950	\N
3794	1536	535	1	Gubachev, Vyacheslav	2020-06-30 00:00:00+00	Gubachev, Vyacheslav	\N	\N
3795	1536	536	1	Gubachev, Vyacheslav	2020-06-30 00:00:00+00	Gubachev, Vyacheslav	\N	\N
3460	1488	537	1	Pozdnyakov, Yuriy	2018-03-26 00:00:00+00	Радужный	8700	\N
3534	1498	393	12	Nikitin, Petr	2018-12-06 00:00:00+00	CTFs FFs	\N	\N
16	15	2	1	Shafigulin, Ruslan	2020-09-04 00:00:00+00	Уренгой Сб. Шафигулин\\Пашаев	9130	\N
17	15	3	1	Shafigulin, Ruslan	2020-09-04 00:00:00+00	Уренгой Сб. Шафигулин\\Пашаев	9130	\N
18	15	4	1	Shafigulin, Ruslan	2020-09-04 00:00:00+00	Уренгой Сб. Шафигулин\\Пашаев	9130	\N
20	18	81	5	Shalina, Nadezhda	2020-08-21 00:00:00+00	Гарнитура для проведения селекторов для \nШалина Надежда Владимировна, Щербаков Максим Владимирович, Потапов Артём Павлович, Мясников Иван Анатольевич, Чураков Сергей Борисович	2600	\N
3678	1515	393	4	Deryushev, Andrey	2019-08-30 00:00:00+00	CTFs FFs	\N	\N
3688	1520	393	20	Nikitin, Petr	2019-08-30 00:00:00+00	FF1 FF2 FF3 FF5	\N	\N
15	15	1	4	Shafigulin, Ruslan	2020-09-04 00:00:00+00	Уренгой Сб. Шафигулин\\Пашаев	10850	\N
14	15	440	1	Aseeva, Yulya	2020-10-06 00:00:00+00	ремонт принтера в кабинете Aseeva, Yulya	14000	\N
3797	1543	595	8	Chizhik, Dmitry	2020-09-01 00:00:00+00	Chizhik, Dmitry	2275	\N
3798	1543	596	8	Chizhik, Dmitry	2020-09-01 00:00:00+00	Chizhik, Dmitry	2535	\N
3809	1546	393	15	Deryushev, Andrey	2020-10-26 00:00:00+00	CTFs FFs (Selyametov CTF1)	6900	\N
3806	1546	394	6	Deryushev, Andrey	2020-10-26 00:00:00+00	CTFs FFs (Selyametov CTF1)	6000	\N
3807	1546	395	6	Deryushev, Andrey	2020-10-26 00:00:00+00	CTFs FFs (Selyametov CTF1)	6200	\N
3808	1546	396	6	Deryushev, Andrey	2020-10-26 00:00:00+00	CTFs FFs (Selyametov CTF1)	6000	\N
10	17	380	2	Dmitry Starshov	2020-08-26 00:00:00+00	Картриджи в офис Ноябрьск (СБ и ДРТ)	15000	\N
11	17	389	2	Dmitry Starshov	2020-08-26 00:00:00+00	Картриджи в офис Ноябрьск (Хол 1 этаж)	16000	\N
12	17	523	2	Dmitry Starshov	2020-08-26 00:00:00+00	Картриджи в офис Уренгой (Приемная ГРП)	18853	\N
13	17	365	3	Dmitry Starshov	2020-08-26 00:00:00+00	Картриджи в офис Ноябрьск(Приемная ГРП, ЗамГлавы, Снабжение)	8000	\N
3786	1541	589	1	Ovcharov, Andrey	2020-09-04 00:00:00+00	Уренгой A3	8500	\N
3787	1541	590	1	Ovcharov, Andrey	2020-09-04 00:00:00+00	Уренгой A3	7700	\N
3788	1541	591	1	Ovcharov, Andrey	2020-09-04 00:00:00+00	Уренгой A3	7800	\N
3789	1541	592	1	Ovcharov, Andrey	2020-09-04 00:00:00+00	Уренгой A3	7500	\N
3812	1548	261	3	Dmitry Kharlanov	2020-08-01 00:00:00+00	Срочно.Мониторы для FF3 выезжающего на обьект заказчика на работы. По требованию Садрлиманова А. Выдать Мельникову Михаилу в радужный.	11400	\N
3785	1531	83	8	Sadrlimanov, Almaz	2020-08-01 00:00:00+00	для FF1 Korneev, Maksim , FF5 Olukhov, Dmitriy https://gsm-repiteri.ru/prodazha/repitery-gsm-2g-3g-4g-komplektom/komplekt-vegatel-vt-1800-3g-dlya-usileniya-gsm-lte-1800-i-3g	48500	\N
3586	1507	330	8	Zavyalov, Andrey	2019-08-02 00:00:00+00	CTF1	\N	\N
3587	1507	216	10	Kazak, Roman	2019-08-02 00:00:00+00	CTF3\\4	\N	\N
3588	1507	217	6	Kazak, Roman	2019-08-02 00:00:00+00	CTF3\\4	\N	\N
3589	1507	218	6	Kazak, Roman	2019-08-02 00:00:00+00	CTF3\\4	\N	\N
3590	1507	219	6	Kazak, Roman	2019-08-02 00:00:00+00	CTF3\\4	\N	\N
3602	1508	439	1	Starshov, Dmitriy	2019-08-02 00:00:00+00	Ноябрьск 2 этаж	\N	\N
3605	1508	381	2	Erinyak, Tatyana	2019-08-02 00:00:00+00	Ноябрьск АБК 2 эт.1	\N	\N
3606	1508	170	2	Устинов \\ Позняков	2019-08-02 00:00:00+00	Радужный офис ГРП	\N	\N
3607	1508	171	1	Устинов \\ Позняков	2019-08-02 00:00:00+00	Радужный офис ГРП	\N	\N
3608	1508	172	1	Устинов \\ Позняков	2019-08-02 00:00:00+00	Радужный офис ГРП	\N	\N
3609	1508	173	1	Устинов \\ Позняков	2019-08-02 00:00:00+00	Радужный офис ГРП	\N	\N
3610	1508	385	1	Nikitin, Petr	2019-08-02 00:00:00+00	Ноябрьск АБК 2 эт.1	\N	\N
3611	1508	441	3	Nikitin, Petr	2019-08-02 00:00:00+00	Ролики для сканеров в Ноябрьск Офис	\N	\N
3612	1508	442	1	Nikitin, Petr	2019-08-02 00:00:00+00	Ролики для сканеров в Ноябрьск Офис	\N	\N
19	15	174	2	Shafigulin, Ruslan	2020-12-17 00:00:00+00	Уренгой Сб. Шафигулин\\Пашаев	1400	\N
3790	1541	444	2	Kolybin, Aleksey	2020-07-02 00:00:00+00	2шт - Kolybin, Aleksey Москва	13950	\N
3784	1540	444	2	Aseeva, Yulya	2020-08-21 00:00:00+00	1 шт - Амировой Надежде\n1 шт - Тукторевой Екатерине 	13950	\N
3802	1545	600	1	Ovcharov, Andrey	2020-03-22 00:00:00+00	устройсто для громкой связи конферецзвонков	11300	\N
3803	1545	601	6	Ovcharov, Andrey	2020-03-22 00:00:00+00	провода для новых мониторов	900	\N
22	20	598	4	Makarov, Konstantin	2020-10-06 00:00:00+00	(Makarov, Konstantin в вагон РММ на арктикгазе) 2 передано на сабетту. 2 на арктикгаз	48500	https://gsm-repiteri.ru/prodazha/repiteri-titan/repiter-titan-900-1800-2100-pro
3800	1545	597	1	Kapralov, Aleksandr	2020-12-17 00:00:00+00	CTF3	7000	https://gsm-repiteri.ru/prodazha/antenni_gsm_900/antenna-gsm-ant-911-m-krugovaya-11-db
3682	1515	450	1	Deryushev, Andrey	2020-04-09 00:00:00+00	Milyutin Dmitry	8000	\N
3820	1551	394	6	\N	2021-02-15 00:00:00+00	CTF1 CTF2 CTF3	6000	https://www.citilink.ru/catalog/computers_and_notebooks/monitors_and_office/cartridges/387042/
3796	1542	444	2	Kharlanov, Dmitry	2020-08-04 00:00:00+00	2 шт - Kharlanov, Dmitry \nhttps://www.dns-shop.ru/product/cf521711e6783332/238-monitor-hp-24x-5zu98aa/characteristics/	13950	\N
3486	1490	158	2	Buntin, Denis	2018-07-30 00:00:00+00	2 шт - Buntin, Denis (Eizo FlexScan EV2456)	\N	\N
3337	1478	185	1	Abdurashidova, Saida	2017-09-26 00:00:00+00	Abdurashidova, Saida	6000	\N
3475	1489	380	4	Nikitin, Petr	2018-06-21 00:00:00+00	Ноябрьске Снабжение и Бухгалтерия	15000	\N
3660	1517	328	10	Nikitin, Petr	2019-08-14 00:00:00+00	SSD диски для ускорения работы компьютеров 10 шт. https://www.citilink.ru/catalog/computers_and_notebooks/hdd/ssd_in/1105702/ \nHttps://www.citilink.ru/catalog/computers_and_notebooks/hdd/ssd_in/1105702/	5000	\N
3684	1519	328	10	Nikitin, Petr	2019-08-13 00:00:00+00	SSD диски для инженеров ГРП	5000	\N
3723	1528	444	2	Pozdnyakov, Yuriy	2019-09-01 00:00:00+00	Мониторы для Координатора Радужный	13950	\N
3666	1519	444	3	Nikitin, Petr	2019-08-14 00:00:00+00	2 шт - Милютину Дмитрию.\n1 шт - Дерюшеву Андрею\n (В ГРП уже отдал 5 мониторов ??? что это значит)	13950	\N
3722	1527	444	10	Nalimov, Ivan	2020-07-02 00:00:00+00	2 шт - Trifimov Denis \\ Nalimov Ivan\n2 шт - монитра Gubachev Vyacheslav\n2 шт - Ageev, Evgeniy \\ Brendin, Mikhail\n2 шт - Заховайко Дмитрий\n1 шт - монитор Belokhvostikov, Igor P\n1 шт - Акмалова Регина	13950	\N
3817	1550	606	1	\N	2020-03-22 00:00:00+00	DRT Fedorovich Valery	21500	\N
3821	1551	395	6	\N	2020-03-22 00:00:00+00	CTF1 CTF2 CTF3	6200	https://www.citilink.ru/catalog/computers_and_notebooks/monitors_and_office/cartridges/387043/
3823	1552	597	4	\N	2020-03-22 00:00:00+00	Усилители для Флотов ГНКТ по заявке Завьялова А. для 3 флота ГНКТ - 2 штуки, и для первого флота 2 штуки	7000	https://gsm-repiteri.ru/prodazha/antenny-gsm-3g/antenna-gsm-3g-4g-brig-krugovaya-8-db
3824	1552	598	4	\N	2020-03-22 00:00:00+00	Усилители для Флотов ГНКТ по заявке Завьялова А. для 3 флота ГНКТ - 2 штуки, и для первого флота 2 штуки	48500	https://www.vegatel.ru/repiteri/repitery-pyatidiapazonnye/repiter-titan-5b-led
3826	1553	393	10	\N	2021-02-15 00:00:00+00	Чеерные струйные картриджи в запас для всех флотов	6900	https://www.citilink.ru/catalog/computers_and_notebooks/monitors_and_office/cartridges/387041/
3811	1547	603	3	FF123456 FF123456	2020-12-17 00:00:00+00	Kostylev, Aleksandr https://www.xcom-shop.ru/dell_p2418ht_564417.html	38466	https://www.citilink.ru/catalog/computers_and_notebooks/monitors/428690/
3869	1561	612	6	\N	\N	\N	\N	\N
3827	1554	444	2	Nikitin, Petr	2020-12-17 00:00:00+00	ГРП_IT Мониторы для координотра Раджуный Устинов Позднякова	13950	https://www.dns-shop.ru/product/14d31e75742a3330/238-monitor-hp-24y-2yv10aa/characteristics/
3833	1556	534	1	Петр Никитин	2021-06-04 00:00:00+00	QHSSE Уренгой (Федорович М.)	9000	\N
3832	1556	533	1	Петр Никитин	2021-06-04 00:00:00+00	QHSSE Уренгой (Федорович М.)	7024	\N
3835	1556	536	1	Петр Никитин	2021-06-04 00:00:00+00	QHSSE Уренгой (Федорович М.)	9000	\N
3815	1550	604	1	\N	2020-03-22 00:00:00+00	DRT Fedorovich Valery	21000	\N
3813	1549	597	2	\N	2020-12-17 00:00:00+00	усилитель в Вагон-офис для инженеров Саббет \\ Салман. и в FF1	7000	https://gsm-repiteri.ru/prodazha/antenni_gsm_900/antenna-gsm-ant-911-m-krugovaya-11-db
3818	1550	607	1	\N	2020-03-22 00:00:00+00	DRT Fedorovich Valery	21000	\N
3816	1550	605	1	\N	2020-03-22 00:00:00+00	DRT Fedorovich Valery	21000	\N
3825	1553	392	1	\N	2020-12-17 00:00:00+00	Принтер для FF2 на место вышедшего из строя. Ппередать в Радужный Мамаеву  или Устинову\\Познякову.	22300	https://www.dns-shop.ru/product/da07375b221e3330/mfu-strujnoe-hp-officejet-pro-8730/
3870	1561	613	6	\N	\N	\N	\N	\N
3834	1556	535	1	Петр Никитин	2021-06-04 00:00:00+00	QHSSE Уренгой (Федорович М.)	9000	\N
3836	1556	170	2	Петр Никитин	2021-06-04 00:00:00+00	для принтера Инженеров ГРП и Руководителя ГРП Ноябрьск	8900	\N
3837	1556	264	2	Петр Никитин	2021-06-04 00:00:00+00	для принтера в РММ Ноябрьск (Белохвостиков И.)	9840	\N
3838	1556	265	2	Петр Никитин	2021-06-04 00:00:00+00	для принтера в РММ Ноябрьск (Белохвостиков И.)	12500	\N
3822	1551	396	6	\N	2021-02-15 00:00:00+00	CTF1 CTF2 CTF3	6000	https://www.citilink.ru/catalog/computers_and_notebooks/monitors_and_office/cartridges/387044/
3839	1556	267	2	Петр Никитин	2021-06-04 00:00:00+00	для принтера в РММ Ноябрьск (Белохвостиков И.)	12500	\N
3814	1549	598	2	\N	2020-12-17 00:00:00+00	усилитель в Вагон-офис для инженеров Саббет \\ Салман. и в FF1	48500	https://www.vegatel.ru/repiteri/repitery-pyatidiapazonnye/repiter-titan-5b-led
3840	1556	266	2	Петр Никитин	2021-06-04 00:00:00+00	для принтера в РММ Ноябрьск (Белохвостиков И.)	12500	\N
3819	1551	393	10	\N	2020-03-22 00:00:00+00	CTF1 CTF2 CTF3	6900	https://www.citilink.ru/catalog/computers_and_notebooks/monitors_and_office/cartridges/387041/
3810	1547	328	15	Петр Никитин	2020-12-17 00:00:00+00	SSD диски для увеличения производительности компов инженеров ГРП	5000	https://www.citilink.ru/catalog/computers_and_notebooks/hdd/ssd_in/1105702/
3847	1558	447	1	Петр Никитин	2020-12-17 00:00:00+00	00000279616 ГРП_IT докстанция HP для руководителя Лаборатории Ширяева\\Мымрина	15000	https://www.citilink.ru/catalog/mobile/note_aks/note_docks/859009/
3862	1560	447	1	Петр Никитин	2021-01-31 00:00:00+00	Уже получил. Поставил в кбинет Старшова Д.В.	15000	\N
3764	1534	450	3	Nikitin, Petr	2020-12-30 00:00:00+00	получил 3 шт	8000	\N
3846	1558	174	1	Петр Никитин	2021-02-15 00:00:00+00	ГРП_IT клавиатура+ мышь для руководителя Лаборатории Ширяева\\Мымрина	1400	https://www.citilink.ru/catalog/computers_and_notebooks/periferiya/km/567086/
3845	1558	444	1	Петр Никитин	2021-02-15 00:00:00+00	ГРП_IT Мониторы для руководителя Лаборатории Ширяева\\Мымрина	13400	https://www.dns-shop.ru/product/6fa526623f283332/238-monitor-hp-24m-3wl46aa/
3844	1557	174	6	Петр Никитин	2021-02-15 00:00:00+00	клавиатуры + мышки по заявке WFNF-REQ-18004 для флотов FF#1,FF#2,FF#3,FF#4,FF#5,FF#6	1400	https://www.citilink.ru/catalog/computers_and_notebooks/periferiya/km/567086/
3842	1556	609	10	Петр Никитин	2020-03-22 00:00:00+00	DYMO S0721510 Isaev, Andrey F Лента на Принтер- Маркератор DYMO LetraTag LT-100H	850	https://www.komus.ru/katalog/otraslevye-predlozheniya/tovary-dlya-torgovli/etiketki-i-oborudovanie-dlya-markirovki/kartridzhi-dlya-printerov-etiketok/kartridzh-dlya-printera-etiketok-dymo-s0721510-lt-12-mm-x-4-m-tsvet-lenty-belyj-shrift-chernyj-/p/79130/
3843	1556	610	10	Петр Никитин	2020-03-22 00:00:00+00	DYMO S0721610 Isaev, Andrey F Лента на Принтер- Маркератор DYMO LetraTag LT-100H	970	https://www.komus.ru/katalog/otraslevye-predlozheniya/tovary-dlya-torgovli/etiketki-i-oborudovanie-dlya-markirovki/kartridzhi-dlya-printerov-etiketok/kartridzh-dlya-printera-etiketok-dymo-s0721610-lt-12-mm-x-4-m-tsvet-lenty-belyj-shrift-chernyj-/p/79131/
3841	1556	373	2	Петр Никитин	2020-03-22 00:00:00+00	для диспетчера Уренгой	12500	\N
3863	1560	589	2	Петр Никитин	2020-03-22 00:00:00+00	картриджи для большого цветного принтера  M8130cidn ECOSYS в Уренгое	8500	\N
3864	1560	590	1	Петр Никитин	2020-03-22 00:00:00+00	картриджи для большого цветного принтера  M8130cidn ECOSYS в Уренгое	7700	\N
3865	1560	591	1	Петр Никитин	2020-03-22 00:00:00+00	картриджи для большого цветного принтера  M8130cidn ECOSYS в Уренгое	7800	\N
3886	1564	589	2	Dmitry Kharlanov	\N	картриджи для большого цветного принтера  M8130cidn ECOSYS в Уренгое	8500	\N
3887	1564	590	1	Dmitry Kharlanov	\N	картриджи для большого цветного принтера  M8130cidn ECOSYS в Уренгое	7700	\N
3888	1564	591	1	Dmitry Kharlanov	\N	картриджи для большого цветного принтера  M8130cidn ECOSYS в Уренгое	7800	\N
3882	1563	436	1	Andrey Zavyalov	\N	Картриджи для цветной принтер в офисе ГНКТ	13500	\N
3411	1480	533	1	Blinov, Vadim	2018-01-01 00:00:00+00	Blinov, Vadim	\N	\N
3421	1486	533	1	Andreev, Vyacheslav	2018-07-31 00:00:00+00	Инженеры и Босс	\N	\N
3445	1488	533	2	Kalmykov, Aleksey	2018-03-26 00:00:00+00	Kalmykov, Aleksey \\Sorokin, Aleksey	\N	\N
3464	1489	533	1	Nikitin, Petr	2018-04-01 00:00:00+00	Месояха	\N	\N
3507	1494	533	3	Starikov, Pavel	2018-10-01 00:00:00+00	Уренгой Инженеры и Босс	\N	\N
3527	1497	533	4	Shtanov, Aleksey	2019-01-24 00:00:00+00	Нур инженеры, Мессояха	\N	\N
3542	1501	533	3	Starikov, Pavel	2018-11-16 00:00:00+00	Уренгой Инженеры и Босс	\N	\N
3448	1488	536	1	Kalmykov, Aleksey	2018-03-26 00:00:00+00	Kalmykov, Aleksey \\Sorokin, Aleksey	\N	\N
3805	1545	602	3	Kapralov, Aleksandr	2020-03-22 00:00:00+00	CTF1 CTF2 CTF3 для бесперебойной работы устройств снятия данных с датчиков	5000	\N
3866	1560	592	1	Петр Никитин	2020-03-22 00:00:00+00	картриджи для большого цветного принтера  M8130cidn ECOSYS в Уренгое	7500	\N
3867	1560	393	10	Петр Никитин	2020-04-06 00:00:00+00	картриджи черные во флоты	6900	\N
3889	1564	592	1	Dmitry Kharlanov	\N	картриджи для большого цветного принтера  M8130cidn ECOSYS в Уренгое	7500	\N
3868	1560	418	50	Петр Никитин	2020-04-06 00:00:00+00	этикетки на склад Ноябрьск	1300	https://spb.kkm.ru/shop/58mm_60mm_termoetiketki-1580/60674/
21	20	597	4	Evgeniy.Zhigulev	2020-10-06 00:00:00+00	(Evgeniy.Zhigulev WFNF-REQ-18735 для 588)\n2 передано на сабетту. 2 на арктикгаз	7000	https://gsm-repiteri.ru/prodazha/antenni_gsm_900/antenna-gsm-ant-911-m-krugovaya-11-db
3801	1545	598	1	Kapralov, Aleksandr	2020-12-17 00:00:00+00	CTF3	48500	https://www.vegatel.ru/repiteri/repitery-pyatidiapazonnye/repiter-titan-5b-led
3871	1523	611	7	Петр Никитин	2019-09-06 00:00:00+00	CAPEX 2019 PPS	\N	\N
3872	1523	612	10	Петр Никитин	2019-09-06 00:00:00+00	CAPEX 2019 PPS	\N	\N
3873	1523	613	10	Петр Никитин	2019-09-06 00:00:00+00	CAPEX 2019 PPS	\N	\N
3891	1564	264	1	Dmitry Kharlanov	\N	Картридж для цветного принтера Арктикгаз Korneev, Maksim\\ Logvinenko, Konstantin	6875	\N
3883	1563	439	1	Andrey Zavyalov	\N	Картриджи для цветной принтер в офисе ГНКТ	16000	\N
3881	1563	437	1	Andrey Zavyalov	\N	Картриджи для цветной принтер в офисе ГНКТ	15500	\N
3892	1564	265	1	Dmitry Kharlanov	\N	Картридж для цветного принтера Арктикгаз Korneev, Maksim\\ Logvinenko, Konstantin	9625	\N
3884	1563	438	1	Andrey Zavyalov	\N	Картриджи для цветной принтер в офисе ГНКТ	16000	\N
3879	1563	601	1	Andrey Zavyalov	\N	провод для монитора Хабибуллин\\Козлов	1000	\N
3874	1563	393	15	Andrey Zavyalov	\N	CTF1 CTF2 CTF3	4325	\N
3875	1563	396	4	Andrey Zavyalov	\N	CTF1 CTF2 CTF3	2538	\N
3876	1563	395	4	Andrey Zavyalov	\N	CTF1 CTF2 CTF3	2538	\N
3877	1563	394	4	Andrey Zavyalov	\N	CTF1 CTF2 CTF3	2538	\N
3893	1564	267	1	Dmitry Kharlanov	\N	Картридж для цветного принтера Арктикгаз Korneev, Maksim\\ Logvinenko, Konstantin	9625	\N
3890	1564	418	50	Dmitry Kharlanov	\N	этикетки на склад Ноябрьск	300	\N
3885	1564	392	2	Dmitry Kharlanov	\N	Kuzakhmedov, Rifat цветной принтер в FF6 и Kostylev, Aleksandr цветной принтер в FF3 станцию контейнер	22950	\N
3878	1563	392	1	Andrey Zavyalov	\N	Принтер для флота CTF2	22950	\N
3880	1563	444	1	Andrey Zavyalov	\N	монитор для Хабибуллин\\Козлов на замену вышедшему из строя	14850	\N
3894	1564	266	1	Dmitry Kharlanov	\N	Картридж для цветного принтера Арктикгаз Korneev, Maksim\\ Logvinenko, Konstantin	9625	\N
3895	1564	393	20	Dmitry Kharlanov	\N	картриджи черные во флоты ГРП	4325	\N
3896	1564	394	1	Dmitry Kharlanov	\N	картриджи черные во флоты ГРП	2537	\N
3897	1564	395	1	Dmitry Kharlanov	\N	картриджи черные во флоты ГРП	2538	\N
3898	1564	396	1	Dmitry Kharlanov	\N	картриджи черные во флоты ГРП	2500	\N
3909	1567	616	3	Петр Никитин	\N	Подставка переходник для HDD Нефтеюганск Нобярьск Уренгой https://www.dns-shop.ru/product/3eebca74a6723330/dok-stancia-dla-nakopitelej-gembird-hd32-u3s-4/	\N	https://www.dns-shop.ru/product/3eebca74a6723330/dok-stancia-dla-nakopitelej-gembird-hd32-u3s-4/
3908	1567	617	2	Dmitry Starshov	\N	Монитор для Старшов Д.В. https://www.dns-shop.ru/product/10edba32e73a1b80/27-monitor-dell-s2721d-2721-9404/	\N	https://www.dns-shop.ru/product/045e088709d13332/27-monitor-hp-27mq-1f2j9aa/description
3899	1565	444	5	Dmitry Kharlanov	\N	мониторы РММ-офис Ноябрьск Исаев А.Ф. и Бадртдинова А.М.	14850	https://www.dns-shop.ru/product/10edba33e73a1b80/238-monitor-dell-s2421hs-2421-9343/characteristics/
3900	1565	600	2	Dmitry Kharlanov	\N	Спикерфон Speak 410 UC USB Исаев А.Ф	11480	https://www.citilink.ru/product/ustroistvo-gromkoi-svyazi-jabra-speak-410-uc-chernyi-7410-209-1109823/vopros-otvet/
3901	1565	163	2	Петр Никитин	\N	IT Никитин коннекторы RJ-45 (упаковка 100 шт)	820	https://www.dns-shop.ru/product/185e9c9867143330/konnektor-rj45-lanmaster-twt-pl45-8p8c/
3902	1565	160	2	Петр Никитин	\N	Бухта кабеля OUTDOOR для организации сети на арктикгазе и Ноябрьске для склада.	12840	https://www.dns-shop.ru/product/9c12bd30c5893330/vitaa-para-skynet-premium-csp-utp-4-cu-outr/opinion/
3903	1565	601	10	Петр Никитин	\N	Провода для мониторов DisplayPort - HDMI 1.8	1350	https://www.dns-shop.ru/product/8f1627fd2eda3330/kabel-dexp-displayport---hdmi-18-m/
3904	1566	614	5	Andrey Zavyalov	\N	Кабель для усилителей сотовой связи 15 метровый  N-male 8D-FB - N-male	\N	https://gsm-repiteri.ru/prodazha/cable-sborka/kabelnaya-sborka-n-male-15-metrov-8d-fb-n-male
3905	1566	615	5	Andrey Zavyalov	\N	Кабель для усилителей сотовой связи 5 метровый N-male RG-58 - N-male	\N	https://gsm-repiteri.ru/prodazha/cable-sborka/kabelnaya-sborka-n-male-5-metrov-rg-58-n-male
3906	1567	328	5	Петр Никитин	\N	SSD диски для обновления компьютеров компании. https://www.dns-shop.ru/product/adfd5d80f47e3332/480-gb-ssd-nakopitel-wd-green-wds480g2g0a/	\N	https://www.dns-shop.ru/product/adfd5d80f47e3332/480-gb-ssd-nakopitel-wd-green-wds480g2g0a/
3907	1567	174	2	Петр Никитин	\N	Клавиатура + мышь для Тараканова Ивана и один комплект в запас. https://www.dns-shop.ru/product/328e0258c6a0526f/klaviaturamys-logitech-desktop-mk120/	\N	https://www.dns-shop.ru/product/328e0258c6a0526f/klaviaturamys-logitech-desktop-mk120/
3911	1568	619	1	Dmitry Kharlanov	2021-06-07 09:52:45.703+00	Презентер-указка по срочной заявке от Бунтина Дениса Юрьевича для обучения	1250	https://www.citilink.ru/product/prezenter-a4-lp15-chernyi-lp15-black-1198666/
3910	1568	618	1	Dmitry Kharlanov	2021-06-07 09:52:45.703+00	Проектор по срочной заявке от Бунтина Дениса Юрьевича для проведения обучения	17700	https://www.citilink.ru/product/proektor-cactus-cs-pre-05b-wxga-w-chernyi-wi-fi-1381606/
\.


--
-- TOC entry 3216 (class 0 OID 44211)
-- Dependencies: 239
-- Data for Name: stepcomments; Type: TABLE DATA; Schema: public; Owner: postgres
--

COPY public.stepcomments (id, customerid, comment, attachedfileid, historyid, submitdate) FROM stdin;
32	1	Док станция HP 3005pr - невозможна к поставке	\N	57	2020-12-09 23:20:51.802+00
15	1	Принять решение о получени докстанций. Обсуждалось с Глуховой Е.А. Ожидаю решение. 	\N	8	2020-12-01 07:28:06.913+00
13	1	Не получены только клавиатуры	\N	4	2020-12-01 07:26:42.834+00
14	1	Не получены только переходники. закупка переходников обсуждалась с Макарусь Митей. Модель описана в заказе	\N	5	2020-12-01 07:27:09.35+00
17	1	Предлагаю скорректировать приобретение батареек следующим образом: \nDELL Latitude 5480 - 1 шт (2 из 3 уже получил. жду ещё одну)\nLatitude 6430\\6420 заменить на DELL Latitude 5480  - 7 шт	\N	10	2020-12-01 07:32:51.835+00
20	1	Не получены только мониторы	\N	13	2020-12-01 08:04:39+00
21	1	Обратить внимание на мониторы Необходимы именно тачскрин мониторы. Модель указана в теле заказа. В случае проблем с закупом - предварительно обсудить с Никититиным	\N	15	2020-12-01 08:06:53.012+00
22	1	Модель закаупаемого принтера HP 8730	\N	20	2020-12-01 08:12:16.978+00
23	1	Прошу уточнить адрес доставки?	\N	20	2020-12-01 12:49:12.769+00
24	18	Какие сроки поставки?	\N	20	2020-12-01 12:50:30.792+00
25	1	Срок поставки обычный (не строчный). Адрес доставки Ноябрьск	\N	20	2020-12-01 12:51:21.59+00
26	18	Ждем отгрузку поставщиком	\N	22	2020-12-01 13:01:26.035+00
27	1	Товар на складе? могу забрать?	\N	26	2020-12-04 20:15:36.887+00
28	1	не отгружены только батарейки для ноутбуков	\N	3	2020-12-05 12:52:05.083+00
29	1	не отгружены только батарейки для ноутбуков	\N	9	2020-12-05 12:52:28.225+00
18	1	Предлагаю скорректировать приобретение батареек следующим образом: \nDELL Latitude 6430\\6420 - 4 шт.\nDELL Latitude 6230 \\ 6230S - 2 шт.\nDELL Latitude 5470 - 1 шт. (получено 08 12 2020 в офисе постащика Никитиным П.)	\N	11	2020-12-01 07:44:24.521+00
30	1	получена одна батарейка для 5470 вместо  E6220. Ожидаю ещё две батарейки e6220 и четыре e6430	\N	11	2020-12-08 13:28:29.423+00
31	1	Док станция HP UltraSlim 2013 - прибыло на склад	\N	57	2020-12-09 23:20:28.43+00
37	1	просим предоставить товар	\N	72	2020-12-10 19:58:38.265+00
38	1	Просим предоставить товар	\N	73	2020-12-10 20:23:45.551+00
39	1	Просим предоставить товар	\N	74	2020-12-10 20:29:22.67+00
40	1	Принято 2 монитора HP 24y 23.8 HP [2YV10AA]	\N	75	2020-12-17 05:17:41.616+00
42	1	оставил в Ноябрьске на складе для отправки в Радужный.	\N	75	2020-12-17 06:19:18.227+00
43	1	Мониторы получены. заявка закрыта	\N	13	2020-12-17 06:43:34.125+00
47	1	Получены 4 картиджа из 10.	\N	81	2020-12-17 07:01:08.882+00
48	1	4 картриджа переданы в FF2 флот с принтером.	\N	81	2020-12-17 07:01:34.988+00
49	1	СФ №167	\N	80	2020-12-17 07:01:58.014+00
50	1	Получено в полном объеме	\N	82	2020-12-17 07:36:00.312+00
54	1	SSD Диски реализованы	\N	82	2020-12-17 07:43:18.539+00
53	1	Три монитора оставлены в Ноябрьске для передачи в Уренгой  RMM Костылеву Александру	\N	82	2020-12-17 07:43:02.348+00
55	1	СФ №125	\N	84	2020-12-17 08:07:05.835+00
56	1	Принято в полном объеме	\N	85	2020-12-17 08:07:19.85+00
52	1	СФ №168	\N	83	2020-12-17 07:42:39.706+00
57	1	Клавиатуры получены. Оставил на хранение в Ноябрьске. Думаю выдавать или нет.	\N	4	2020-12-17 08:10:17.299+00
58	1	Счет-фактура №130 от 28.09.2020	\N	87	2020-12-17 08:14:26.352+00
60	1	Счет-фактура №172 от 11.12.2020	\N	89	2020-12-17 08:21:48.858+00
61	1	Получено в полном объеме	\N	90	2020-12-17 08:23:33.18+00
62	1	Счет-фактура №171 от 11.12.2020	\N	91	2020-12-17 08:23:49.947+00
63	1	один комплект передан в FF4 Через Макарова Константина	\N	90	2020-12-17 08:30:36.128+00
46	1	Получен принтер. HP 8730 S\\N CN99BD604X	\N	81	2020-12-17 07:00:45.846+00
64	1	Получена одна Док станция HP UltraSlim 2013	\N	92	2020-12-17 09:05:25.834+00
65	1	Внимание! по данной заявке докстанции получены. Закрытие заявки будет выполнено по согласованию с Никитиным И Глуховой	\N	8	2020-12-17 09:07:35.14+00
136	1	№79 от 17.06.2020	\N	59	2021-04-07 05:56:54.812+00
59	1	получено: Усилитель Titan-5B (LED) - 1 шт\nи антенна GSM/3G/4G BRIG (Круговая, 8 дБ) получены. - 1 шт	\N	88	2020-12-17 08:21:38.299+00
137	1	№79 от 17.06.2020	\N	60	2021-04-07 05:56:59.416+00
66	1	Внимание! по данной заявке докстанции получены. Закрытие заявки будет выполнено по согласованию с Никитиным И Глуховой	\N	6	2020-12-17 09:08:04.574+00
67	1	Внимание! по данной заявке докстанции получены. Закрытие заявки будет выполнено по согласованию с Никитиным И Глуховой	\N	7	2020-12-17 09:08:08.729+00
68	1	Внимание! по данной заявке докстанции получены. Закрытие заявки будет выполнено по согласованию с Никитиным И Глуховой	\N	57	2020-12-17 09:08:13.832+00
70	1	Получена батарейка батарейка для 5470 - 1 шт. (для никитина)	\N	10	2020-12-17 09:48:17.191+00
72	1	второй комплект передал Костылеву для FF3 арктикгаз	\N	90	2021-01-01 09:52:50.506+00
74	1	TK-5150K Черный - прошу закупить как можно скорее	\N	72	2021-01-31 08:23:55.842+00
75	1	953XL \\ 957XL (F6U19AN) Черный - прошу закупить как можно скорее	\N	20	2021-01-31 08:24:40.161+00
76	1	GSM/3G/4G BRIG (Круговая, 8 дБ) - 1 шт получено. Получал Никитин. Выдавал Неделько	\N	95	2021-01-31 08:25:48.833+00
77	1	itan-5B (LED) - 1 шт получено. Получал Никитин. Выдавал Неделько	\N	95	2021-01-31 08:25:57.354+00
78	1	Ожидаю ещё три комплекта	\N	95	2021-01-31 08:31:30.102+00
79	1	Прошу не перепутать с картриджами серии TK-5280	\N	17	2021-01-31 08:37:17.67+00
80	1	Получена батарейка батарейка для 5480 - 3 шт.	\N	10	2021-01-31 08:49:43.04+00
81	1	Касательно последней позиции по данной заявке. Модель батарейки замена на DELL 5480. Получил 3 шт. Жду от Мити решения можм ли получить ещё 4 шт.	\N	10	2021-01-31 08:59:32.193+00
82	1	Получил все позиции, кроме переходника. Отсутствует возможность поставки данного товара.	\N	96	2021-01-31 09:05:16.13+00
83	1	СФ №107 от 2019 года оплачена	\N	7	2021-02-01 09:30:24.327+00
84	1	СФ 175 от 12.2020 выставлена ошибочно. Просим аннулировать ее и не учитывать ее в актах сверки	\N	7	2021-02-01 09:31:58.065+00
85	1	Монитор закупаем вот такой https://www.dns-shop.ru/product/6fa526623f283332/238-monitor-hp-24m-3wl46aa/	\N	74	2021-02-01 10:00:14.721+00
86	1	Док станция HP UltraSlim 2013 - Получил Никитин 2020.12.15	\N	97	2021-02-01 10:19:10.403+00
87	1	Заявка согласована. Прошу срочно заказать  Термотрмоэтикетки и  TK-8115K Черный	\N	98	2021-02-03 06:33:45.392+00
88	1	Док станция HP UltraSlim 2013 - поставлена ранее. (возвращаю мой долг) закупка уже проведена	\N	98	2021-02-03 06:34:14.021+00
89	18	картридж TK-5150 закупаем один оригинальный второй любой аналог например https://www.xcom-shop.ru/nvp_tk5150y_576677.html  или  https://www.xcom-shop.ru/nvp_tk5150bk_576675.html	\N	72	2021-02-05 05:38:49.335+00
90	1	Получено черных -8, красных -4 шт, синий - 6 шт, желтый - 6шт	\N	99	2021-02-15 13:10:23.858+00
91	1	Ожидаю черных -2 шт и красных - 2 шт	\N	99	2021-02-15 14:18:13.058+00
92	1	Получены еще 6 картиджей из 10. выполнено в полном объеме.	\N	81	2021-02-15 14:21:15.459+00
93	1	Получено в полном объеме	\N	100	2021-02-15 14:34:33.391+00
98	1	получено: Back-UPS 500VA - 3 шт	\N	88	2021-03-24 16:20:43.385+00
96	1	получено: Устройство громкой связи	\N	88	2021-03-24 16:20:09.111+00
111	1	Получно: TK-8115C Голубой - 1 шт	\N	97	2021-03-24 18:19:34.535+00
97	1	получено: DisplayPort - HDMI 1.8 - 6 шт (получены переходники DisplayPort-DVI)	\N	88	2021-03-24 16:20:17.628+00
99	1	Получено TK-5270 - комплект картриджей получен. Заявка закрыта	\N	101	2021-03-24 18:00:45.662+00
100	1	Получено черных 2 шт. Красных - 2 шт. Заявка закрыта	\N	99	2021-03-24 18:06:08.411+00
101	1	Получено GSM/3G/4G BRIG (Круговая, 8 дБ) - 3 шт	\N	95	2021-03-24 18:10:41.324+00
102	1	Получено: Titan-5B (LED) - 3 шт	\N	95	2021-03-24 18:10:55.14+00
103	1	Получено: DYMO S0721510 - 10 шт	\N	102	2021-03-24 18:14:39.275+00
104	1	Получено DYMO S0721610 - 10 шт	\N	102	2021-03-24 18:14:50.674+00
105	1	Получено: TK-5150K Черный - 1 шт	\N	102	2021-03-24 18:15:36.664+00
110	1	Получено: TK-8115K Черный - 2шт	\N	97	2021-03-24 18:19:34.535+00
112	1	Получено: TK-8115M Пурпурный - 1 шт.	\N	97	2021-03-24 18:19:34.535+00
113	1	Получено: TK-8115Y Желтый - 1 шт	\N	97	2021-03-24 18:19:34.535+00
115	1	Получено 953XL \\ 957XL (F6U19AN) Черный - 6	\N	97	2021-04-06 08:55:53.721+00
116	1	Заявка закрыта	\N	97	2021-04-06 08:56:00.504+00
117	1	27-п от 19 марта 2021	\N	105	2021-04-06 09:00:43.188+00
118	1	27-п от 19 марта 2021	\N	104	2021-04-06 09:00:51.263+00
125	1	28-п 06 апреля 2021	\N	106	2021-04-06 09:11:54.619+00
126	1	28-п 06 апреля 2021	\N	107	2021-04-06 09:12:06.958+00
128	1	26-п 19 марта 2021	\N	108	2021-04-06 10:43:15.614+00
129	1	26-п 19 марта 2021	\N	109	2021-04-06 10:43:22.472+00
114	1	Получено: Термотрмоэтикетки - 50 шт	\N	97	2021-04-06 08:55:43.443+00
119	1	Получено: 131A (CF210A) - один комплект	\N	102	2021-04-06 09:07:00.471+00
124	1	Получено: 312A (CF380A) - два комплекта	\N	102	2021-04-06 09:08:38.581+00
127	1	Получено: 305A (CE410A) Черный - 2 шт.	\N	102	2021-04-06 09:16:48.528+00
130	1	По общей договоренности все товары по данной заявке считаем полученными.	\N	10	2021-04-07 05:28:39.876+00
131	1	Заявка закрыта	\N	10	2021-04-07 05:28:49.405+00
132	1	№81 от 17.06.2020	\N	67	2021-04-07 05:47:21.864+00
133	1	№81 от 17.06.2020	\N	68	2021-04-07 05:47:38.137+00
134	1	№81 от 17.06.2020	\N	69	2021-04-07 05:47:42.237+00
135	1	№79 от 17.06.2020	\N	58	2021-04-07 05:56:49.969+00
138	1	№79 от 17.06.2020	\N	61	2021-04-07 05:57:03.923+00
19	1	Варианты батареек которые меня устроят:\nDELL Latitude 5480 - https://www.komus.ru/katalog/tekhnika/kompyutery-i-periferiya/aksessuary-dlya-elektronnykh-i-mobilnykh-ustrojstv/akkumulyatory-dlya-noutbukov/akkumulyator-dlya-noutbuka-li-ion-dell-battery-4-cell-68w-hr-451-bbzg-/p/1245825/?from=block-123-7 \n\nDELL Latitude 5470 - https://www.batterika.ru/catalog/show/4849/\n\nDELL Latitude 6430\\6420 - https://www.batterika.ru/catalog/show/5689/ \n\nDELL Latitude 6230 \\ 6230S https://www.batterika.ru/catalog/show/5607/ 	\N	11	2020-12-01 07:58:08.944+00
94	1	Общим решением принято: заказываем батарейки на DELL Latitude 5480 - 3 шт.  Обсуждалось и с Дмитрием Николаевичем и в общем чате. Получаем три батарейки на 5480 и закрываем заявку	\N	11	2021-04-07 00:00:00+00
139	1	Товар получен	\N	111	2021-04-07 11:40:09.681+00
140	1	295 от 11.11.2019	\N	112	2021-04-07 11:41:38.998+00
142	1	228 - 3 сентября 2019	\N	116	2021-04-07 14:41:17.123+00
143	1	228 - 3 сентября 2019	\N	117	2021-04-07 14:41:25.367+00
144	1	228 - 3 сентября 2019	\N	118	2021-04-07 14:41:31.626+00
145	1	228 - 3 сентября 2019	\N	119	2021-04-07 14:41:37.139+00
146	1	Передано Деженину в Уренгой	\N	100	2021-04-08 08:45:40.942+00
147	1	DYMO S0721510 , DYMO S0721610 Передано на склад ноябрьск через Сиренко Татьяну	\N	102	2021-04-08 08:46:22.847+00
148	1	Малых -7 шт Все выданы.	\N	120	2021-04-17 12:05:10.078+00
149	1	больших 10 шт. Все выданы.	\N	120	2021-04-17 12:05:30.691+00
150	1	диски вставлены в компы при монтаже	\N	120	2021-04-17 12:05:46.487+00
151	1	Заявка согласована.	\N	122	2021-05-25 14:27:14.907+00
152	1	Заявка согласована	\N	123	2021-05-25 14:35:04.278+00
153	1	Просим предоставить товар	\N	126	2021-05-30 17:32:57.389+00
154	1	Просим предоставить товар	\N	124	2021-05-30 17:36:21.22+00
155	1	Заявка срочная. Прошу ускориться на сколько это возможно.	\N	124	2021-05-30 17:36:56.4+00
156	1	Yaroshenko, Sergey Y - ГНКТ2 - передать один комплект	\N	124	2021-06-02 10:54:25.42+00
157	1	Товар получен. Прошу педоставить СФ	\N	128	2021-06-17 04:43:09.007+00
\.


--
-- TOC entry 3206 (class 0 OID 44142)
-- Dependencies: 229
-- Data for Name: steps; Type: TABLE DATA; Schema: public; Owner: postgres
--

COPY public.steps (id, name, description) FROM stdin;
2	внутренний закуп: заказ оплачен производителю	Пункт доступен только Макрос+. На этом этапе Макрос покупает товар у производителя. Должна быть приложена платежка Макроса для ДНС
3	внутренний закуп: отгружен в Транспортную Компанию	Пункт доступен только Макрос+.  Приложить ТТНку доставки от производителя к Макросу.
1	заявка согласована	Генеральный заказчик (WFT) подтверждает согласование цены закупа. Нужно указать адрес достаки товара.
4	(опционлално) Хранение на складе в Макросе	когда заказчик забирает товра самостоятельно из офиса Макрос +
5	(опционально) Логистика до офиса заказчика	На тот случай если товар отправлен заказчику но он его не принял
6	отгружен заказчику	Дата отгрузки товара заказчику . Приложить скан отгрузочного документа.
7	СчетФактура сформирована	Бухгалтер прилагает №СФ номер и №накладной . с подписью Макроса
8	СчетФактура направлена заказчику	СФ отправлено заказчику - Номер почтового трекинга
9	СчетФактура принята заказчиком	Бухгалтерия Заказчика прилагает скан №СФ номер и №накладной  подписаную своей стороной
10	СчетФактура оплачена	СФ оплачена (сделать визуальный маркер грядущей даты оплаты) + скан документа Платежного поручения.
\.


--
-- TOC entry 3227 (class 0 OID 0)
-- Dependencies: 224
-- Name: customers_id_seq; Type: SEQUENCE SET; Schema: public; Owner: postgres
--

SELECT pg_catalog.setval('public.customers_id_seq', 1, false);


--
-- TOC entry 3228 (class 0 OID 0)
-- Dependencies: 234
-- Name: histories_id_seq; Type: SEQUENCE SET; Schema: public; Owner: postgres
--

SELECT pg_catalog.setval('public.histories_id_seq', 1, false);


--
-- TOC entry 3229 (class 0 OID 0)
-- Dependencies: 232
-- Name: invoices_id_seq; Type: SEQUENCE SET; Schema: public; Owner: postgres
--

SELECT pg_catalog.setval('public.invoices_id_seq', 1, false);


--
-- TOC entry 3230 (class 0 OID 0)
-- Dependencies: 230
-- Name: nomenclatures_id_seq; Type: SEQUENCE SET; Schema: public; Owner: postgres
--

SELECT pg_catalog.setval('public.nomenclatures_id_seq', 1, false);


--
-- TOC entry 3231 (class 0 OID 0)
-- Dependencies: 236
-- Name: purchases_id_seq; Type: SEQUENCE SET; Schema: public; Owner: postgres
--

SELECT pg_catalog.setval('public.purchases_id_seq', 1, false);


--
-- TOC entry 3232 (class 0 OID 0)
-- Dependencies: 238
-- Name: stepcomments_id_seq; Type: SEQUENCE SET; Schema: public; Owner: postgres
--

SELECT pg_catalog.setval('public.stepcomments_id_seq', 1, false);


--
-- TOC entry 3233 (class 0 OID 0)
-- Dependencies: 228
-- Name: steps_id_seq; Type: SEQUENCE SET; Schema: public; Owner: postgres
--

SELECT pg_catalog.setval('public.steps_id_seq', 1, false);


--
-- TOC entry 3063 (class 2606 OID 44199)
-- Name: purchases assetelements_pkey; Type: CONSTRAINT; Schema: public; Owner: postgres
--

ALTER TABLE ONLY public.purchases
    ADD CONSTRAINT assetelements_pkey PRIMARY KEY (id);


--
-- TOC entry 3049 (class 2606 OID 44122)
-- Name: authorities auni; Type: CONSTRAINT; Schema: public; Owner: postgres
--

ALTER TABLE ONLY public.authorities
    ADD CONSTRAINT auni UNIQUE (customerid, authority);


--
-- TOC entry 3051 (class 2606 OID 44120)
-- Name: authorities authorities_pkey; Type: CONSTRAINT; Schema: public; Owner: postgres
--

ALTER TABLE ONLY public.authorities
    ADD CONSTRAINT authorities_pkey PRIMARY KEY (id);


--
-- TOC entry 3053 (class 2606 OID 44135)
-- Name: categories categories_pkey; Type: CONSTRAINT; Schema: public; Owner: postgres
--

ALTER TABLE ONLY public.categories
    ADD CONSTRAINT categories_pkey PRIMARY KEY (id);


--
-- TOC entry 3047 (class 2606 OID 44115)
-- Name: customers customer_pkey; Type: CONSTRAINT; Schema: public; Owner: postgres
--

ALTER TABLE ONLY public.customers
    ADD CONSTRAINT customer_pkey PRIMARY KEY (id);


--
-- TOC entry 3061 (class 2606 OID 44179)
-- Name: histories history_pkey; Type: CONSTRAINT; Schema: public; Owner: postgres
--

ALTER TABLE ONLY public.histories
    ADD CONSTRAINT history_pkey PRIMARY KEY (id);


--
-- TOC entry 3059 (class 2606 OID 44171)
-- Name: invoices invoice_pkey; Type: CONSTRAINT; Schema: public; Owner: postgres
--

ALTER TABLE ONLY public.invoices
    ADD CONSTRAINT invoice_pkey PRIMARY KEY (id);


--
-- TOC entry 3057 (class 2606 OID 44158)
-- Name: nomenclatures nomenclatures_pkey; Type: CONSTRAINT; Schema: public; Owner: postgres
--

ALTER TABLE ONLY public.nomenclatures
    ADD CONSTRAINT nomenclatures_pkey PRIMARY KEY (id);


--
-- TOC entry 3065 (class 2606 OID 44219)
-- Name: stepcomments stepcomments_pkey; Type: CONSTRAINT; Schema: public; Owner: postgres
--

ALTER TABLE ONLY public.stepcomments
    ADD CONSTRAINT stepcomments_pkey PRIMARY KEY (id);


--
-- TOC entry 3055 (class 2606 OID 44147)
-- Name: steps steps_pkey; Type: CONSTRAINT; Schema: public; Owner: postgres
--

ALTER TABLE ONLY public.steps
    ADD CONSTRAINT steps_pkey PRIMARY KEY (id);


--
-- TOC entry 3069 (class 2606 OID 44220)
-- Name: stepcomments customer_fkey; Type: FK CONSTRAINT; Schema: public; Owner: postgres
--

ALTER TABLE ONLY public.stepcomments
    ADD CONSTRAINT customer_fkey FOREIGN KEY (customerid) REFERENCES public.customers(id);


--
-- TOC entry 3066 (class 2606 OID 44123)
-- Name: authorities customerid_fkey; Type: FK CONSTRAINT; Schema: public; Owner: postgres
--

ALTER TABLE ONLY public.authorities
    ADD CONSTRAINT customerid_fkey FOREIGN KEY (customerid) REFERENCES public.customers(id);


--
-- TOC entry 3070 (class 2606 OID 44225)
-- Name: stepcomments history_fkey; Type: FK CONSTRAINT; Schema: public; Owner: postgres
--

ALTER TABLE ONLY public.stepcomments
    ADD CONSTRAINT history_fkey FOREIGN KEY (historyid) REFERENCES public.histories(id);


--
-- TOC entry 3067 (class 2606 OID 44180)
-- Name: histories invoiceid_fkey; Type: FK CONSTRAINT; Schema: public; Owner: postgres
--

ALTER TABLE ONLY public.histories
    ADD CONSTRAINT invoiceid_fkey FOREIGN KEY (invoiceid) REFERENCES public.invoices(id);


--
-- TOC entry 3068 (class 2606 OID 44200)
-- Name: purchases invoiceid_fkey; Type: FK CONSTRAINT; Schema: public; Owner: postgres
--

ALTER TABLE ONLY public.purchases
    ADD CONSTRAINT invoiceid_fkey FOREIGN KEY (invoiceid) REFERENCES public.invoices(id);


-- Completed on 2021-06-19 14:12:09

--
-- PostgreSQL database dump complete
--

--
-- Database "switer" dump
--

--
-- PostgreSQL database dump
--

-- Dumped from database version 13.1
-- Dumped by pg_dump version 13.1

-- Started on 2021-06-19 14:12:09

SET statement_timeout = 0;
SET lock_timeout = 0;
SET idle_in_transaction_session_timeout = 0;
SET client_encoding = 'UTF8';
SET standard_conforming_strings = on;
SELECT pg_catalog.set_config('search_path', '', false);
SET check_function_bodies = false;
SET xmloption = content;
SET client_min_messages = warning;
SET row_security = off;

--
-- TOC entry 3087 (class 1262 OID 17217)
-- Name: switer; Type: DATABASE; Schema: -; Owner: postgres
--

CREATE DATABASE switer WITH TEMPLATE = template0 ENCODING = 'UTF8' LOCALE = 'Russian_Russia.1251';


ALTER DATABASE switer OWNER TO postgres;

\connect switer

SET statement_timeout = 0;
SET lock_timeout = 0;
SET idle_in_transaction_session_timeout = 0;
SET client_encoding = 'UTF8';
SET standard_conforming_strings = on;
SELECT pg_catalog.set_config('search_path', '', false);
SET check_function_bodies = false;
SET xmloption = content;
SET client_min_messages = warning;
SET row_security = off;

--
-- TOC entry 7 (class 2615 OID 19292)
-- Name: test; Type: SCHEMA; Schema: -; Owner: postgres
--

CREATE SCHEMA test;


ALTER SCHEMA test OWNER TO postgres;

--
-- TOC entry 2 (class 3079 OID 17265)
-- Name: pgcrypto; Type: EXTENSION; Schema: -; Owner: -
--

CREATE EXTENSION IF NOT EXISTS pgcrypto WITH SCHEMA public;


--
-- TOC entry 3088 (class 0 OID 0)
-- Dependencies: 2
-- Name: EXTENSION pgcrypto; Type: COMMENT; Schema: -; Owner: 
--

COMMENT ON EXTENSION pgcrypto IS 'cryptographic functions';


SET default_tablespace = '';

SET default_table_access_method = heap;

--
-- TOC entry 204 (class 1259 OID 17230)
-- Name: authorities; Type: TABLE; Schema: public; Owner: postgres
--

CREATE TABLE public.authorities (
    id bigint NOT NULL,
    authority character varying(20) NOT NULL,
    customer_id bigint NOT NULL
);


ALTER TABLE public.authorities OWNER TO postgres;

--
-- TOC entry 203 (class 1259 OID 17228)
-- Name: authorities_id_seq; Type: SEQUENCE; Schema: public; Owner: postgres
--

ALTER TABLE public.authorities ALTER COLUMN id ADD GENERATED BY DEFAULT AS IDENTITY (
    SEQUENCE NAME public.authorities_id_seq
    START WITH 1
    INCREMENT BY 1
    NO MINVALUE
    NO MAXVALUE
    CACHE 1
);


--
-- TOC entry 206 (class 1259 OID 17237)
-- Name: customers; Type: TABLE; Schema: public; Owner: postgres
--

CREATE TABLE public.customers (
    id bigint NOT NULL,
    activation_code character varying(100),
    active boolean,
    email character varying(255),
    firstname character varying(70),
    lastname character varying(70),
    login character varying(100) NOT NULL,
    password character varying(250) NOT NULL
);


ALTER TABLE public.customers OWNER TO postgres;

--
-- TOC entry 205 (class 1259 OID 17235)
-- Name: customers_id_seq; Type: SEQUENCE; Schema: public; Owner: postgres
--

ALTER TABLE public.customers ALTER COLUMN id ADD GENERATED BY DEFAULT AS IDENTITY (
    SEQUENCE NAME public.customers_id_seq
    START WITH 1
    INCREMENT BY 1
    NO MINVALUE
    NO MAXVALUE
    CACHE 1
);


--
-- TOC entry 202 (class 1259 OID 17218)
-- Name: flyway_schema_history; Type: TABLE; Schema: public; Owner: postgres
--

CREATE TABLE public.flyway_schema_history (
    installed_rank integer NOT NULL,
    version character varying(50),
    description character varying(200) NOT NULL,
    type character varying(20) NOT NULL,
    script character varying(1000) NOT NULL,
    checksum integer,
    installed_by character varying(100) NOT NULL,
    installed_on timestamp without time zone DEFAULT now() NOT NULL,
    execution_time integer NOT NULL,
    success boolean NOT NULL
);


ALTER TABLE public.flyway_schema_history OWNER TO postgres;

--
-- TOC entry 208 (class 1259 OID 17247)
-- Name: messages; Type: TABLE; Schema: public; Owner: postgres
--

CREATE TABLE public.messages (
    id bigint NOT NULL,
    filename character varying(255),
    tag character varying(50),
    text character varying(2048) NOT NULL,
    customer_id bigint
);


ALTER TABLE public.messages OWNER TO postgres;

--
-- TOC entry 207 (class 1259 OID 17245)
-- Name: messages_id_seq; Type: SEQUENCE; Schema: public; Owner: postgres
--

ALTER TABLE public.messages ALTER COLUMN id ADD GENERATED BY DEFAULT AS IDENTITY (
    SEQUENCE NAME public.messages_id_seq
    START WITH 1
    INCREMENT BY 1
    NO MINVALUE
    NO MAXVALUE
    CACHE 1
);


--
-- TOC entry 211 (class 1259 OID 19308)
-- Name: departement; Type: TABLE; Schema: test; Owner: postgres
--

CREATE TABLE test.departement (
    id integer NOT NULL,
    name character varying(100) NOT NULL,
    CONSTRAINT departement_name_check CHECK (((name)::text <> ''::text))
);


ALTER TABLE test.departement OWNER TO postgres;

--
-- TOC entry 212 (class 1259 OID 19314)
-- Name: employee; Type: TABLE; Schema: test; Owner: postgres
--

CREATE TABLE test.employee (
    id integer NOT NULL,
    department_id integer NOT NULL,
    chief_id integer NOT NULL,
    name character varying(100) NOT NULL,
    salary integer NOT NULL,
    CONSTRAINT employee_name_check CHECK (((name)::text <> ''::text))
);


ALTER TABLE test.employee OWNER TO postgres;

--
-- TOC entry 209 (class 1259 OID 19293)
-- Name: human; Type: TABLE; Schema: test; Owner: postgres
--

CREATE TABLE test.human (
    id bigint NOT NULL,
    name character varying(255)
);


ALTER TABLE test.human OWNER TO postgres;

--
-- TOC entry 210 (class 1259 OID 19296)
-- Name: phone; Type: TABLE; Schema: test; Owner: postgres
--

CREATE TABLE test.phone (
    human_id bigint NOT NULL,
    phone character varying(255)
);


ALTER TABLE test.phone OWNER TO postgres;

--
-- TOC entry 3073 (class 0 OID 17230)
-- Dependencies: 204
-- Data for Name: authorities; Type: TABLE DATA; Schema: public; Owner: postgres
--

COPY public.authorities (id, authority, customer_id) FROM stdin;
1	ROLE_ADMIN	1
\.


--
-- TOC entry 3075 (class 0 OID 17237)
-- Dependencies: 206
-- Data for Name: customers; Type: TABLE DATA; Schema: public; Owner: postgres
--

COPY public.customers (id, activation_code, active, email, firstname, lastname, login, password) FROM stdin;
1	\N	t	\N	\N	\N	PetrovPP	$2a$08$OQu8HemHsoz/ttyd3d2nz.OXlzGAQNvYP73u8X2zBTL1Z1pSPar6q
\.


--
-- TOC entry 3071 (class 0 OID 17218)
-- Dependencies: 202
-- Data for Name: flyway_schema_history; Type: TABLE DATA; Schema: public; Owner: postgres
--

COPY public.flyway_schema_history (installed_rank, version, description, type, script, checksum, installed_by, installed_on, execution_time, success) FROM stdin;
1	1	Init DB	SQL	V1__Init_DB.sql	-389640249	postgres	2021-02-14 12:57:23.047854	52	t
2	2	AddAdmin	SQL	V2__AddAdmin.sql	1250429448	postgres	2021-02-14 12:57:23.125487	5	t
3	3	Encode pass	SQL	V3__Encode_pass.sql	1147468295	postgres	2021-02-14 12:57:23.147345	55	t
\.


--
-- TOC entry 3077 (class 0 OID 17247)
-- Dependencies: 208
-- Data for Name: messages; Type: TABLE DATA; Schema: public; Owner: postgres
--

COPY public.messages (id, filename, tag, text, customer_id) FROM stdin;
1	\N	tag1	test1	1
\.


--
-- TOC entry 3080 (class 0 OID 19308)
-- Dependencies: 211
-- Data for Name: departement; Type: TABLE DATA; Schema: test; Owner: postgres
--

COPY test.departement (id, name) FROM stdin;
1	dep1
2	dep2
3	dep3
4	dep4
\.


--
-- TOC entry 3081 (class 0 OID 19314)
-- Dependencies: 212
-- Data for Name: employee; Type: TABLE DATA; Schema: test; Owner: postgres
--

COPY test.employee (id, department_id, chief_id, name, salary) FROM stdin;
1	1	1	name1	500
2	1	1	name2	200
3	1	1	name3	300
4	1	1	name4	400
5	2	5	name5	500
6	2	5	name6	600
7	2	5	name7	700
9	3	8	name9	900
10	3	8	name10	1000
8	3	8	name8	500
\.


--
-- TOC entry 3078 (class 0 OID 19293)
-- Dependencies: 209
-- Data for Name: human; Type: TABLE DATA; Schema: test; Owner: postgres
--

COPY test.human (id, name) FROM stdin;
1	Name1
2	Name2
3	Name3
4	Name4
\.


--
-- TOC entry 3079 (class 0 OID 19296)
-- Dependencies: 210
-- Data for Name: phone; Type: TABLE DATA; Schema: test; Owner: postgres
--

COPY test.phone (human_id, phone) FROM stdin;
1	phone1
1	phone2
2	phone3
2	phone4
3	phone5
4	phone6
\.


--
-- TOC entry 3089 (class 0 OID 0)
-- Dependencies: 203
-- Name: authorities_id_seq; Type: SEQUENCE SET; Schema: public; Owner: postgres
--

SELECT pg_catalog.setval('public.authorities_id_seq', 1, true);


--
-- TOC entry 3090 (class 0 OID 0)
-- Dependencies: 205
-- Name: customers_id_seq; Type: SEQUENCE SET; Schema: public; Owner: postgres
--

SELECT pg_catalog.setval('public.customers_id_seq', 1, true);


--
-- TOC entry 3091 (class 0 OID 0)
-- Dependencies: 207
-- Name: messages_id_seq; Type: SEQUENCE SET; Schema: public; Owner: postgres
--

SELECT pg_catalog.setval('public.messages_id_seq', 1, true);


--
-- TOC entry 2930 (class 2606 OID 17234)
-- Name: authorities authorities_pkey; Type: CONSTRAINT; Schema: public; Owner: postgres
--

ALTER TABLE ONLY public.authorities
    ADD CONSTRAINT authorities_pkey PRIMARY KEY (id);


--
-- TOC entry 2932 (class 2606 OID 17244)
-- Name: customers customers_pkey; Type: CONSTRAINT; Schema: public; Owner: postgres
--

ALTER TABLE ONLY public.customers
    ADD CONSTRAINT customers_pkey PRIMARY KEY (id);


--
-- TOC entry 2927 (class 2606 OID 17226)
-- Name: flyway_schema_history flyway_schema_history_pk; Type: CONSTRAINT; Schema: public; Owner: postgres
--

ALTER TABLE ONLY public.flyway_schema_history
    ADD CONSTRAINT flyway_schema_history_pk PRIMARY KEY (installed_rank);


--
-- TOC entry 2934 (class 2606 OID 17254)
-- Name: messages messages_pkey; Type: CONSTRAINT; Schema: public; Owner: postgres
--

ALTER TABLE ONLY public.messages
    ADD CONSTRAINT messages_pkey PRIMARY KEY (id);


--
-- TOC entry 2936 (class 2606 OID 19313)
-- Name: departement departement_pkey; Type: CONSTRAINT; Schema: test; Owner: postgres
--

ALTER TABLE ONLY test.departement
    ADD CONSTRAINT departement_pkey PRIMARY KEY (id);


--
-- TOC entry 2938 (class 2606 OID 19319)
-- Name: employee employee_pkey; Type: CONSTRAINT; Schema: test; Owner: postgres
--

ALTER TABLE ONLY test.employee
    ADD CONSTRAINT employee_pkey PRIMARY KEY (id);


--
-- TOC entry 2928 (class 1259 OID 17227)
-- Name: flyway_schema_history_s_idx; Type: INDEX; Schema: public; Owner: postgres
--

CREATE INDEX flyway_schema_history_s_idx ON public.flyway_schema_history USING btree (success);


--
-- TOC entry 2939 (class 2606 OID 17255)
-- Name: authorities authority_customer_fk; Type: FK CONSTRAINT; Schema: public; Owner: postgres
--

ALTER TABLE ONLY public.authorities
    ADD CONSTRAINT authority_customer_fk FOREIGN KEY (customer_id) REFERENCES public.customers(id);


--
-- TOC entry 2940 (class 2606 OID 17260)
-- Name: messages message_customer_fk; Type: FK CONSTRAINT; Schema: public; Owner: postgres
--

ALTER TABLE ONLY public.messages
    ADD CONSTRAINT message_customer_fk FOREIGN KEY (customer_id) REFERENCES public.customers(id);


-- Completed on 2021-06-19 14:12:10

--
-- PostgreSQL database dump complete
--

-- Completed on 2021-06-19 14:12:10

--
-- PostgreSQL database cluster dump complete
--

